school_id,closed_name,closed_after_sy,source
sch_00351,Alexander Wilson Elementary,2013,"press reports of the March 7, 2013 SRC vote (Chalkbeat/The Notebook, ABC11, Inquirer); the resolution itself is not archived (GAP-038)"
sch_00398,Anna B. Pratt Elementary,2013,"press reports of the March 7, 2013 SRC vote (Chalkbeat/The Notebook, ABC11, Inquirer); the resolution itself is not archived (GAP-038)"
sch_00343,Anna H. Shaw Middle,2013,"press reports of the March 7, 2013 SRC vote (Chalkbeat/The Notebook, ABC11, Inquirer); the resolution itself is not archived (GAP-038)"
sch_00420,Charles Carroll High,2013,"press reports of the March 7, 2013 SRC vote (Chalkbeat/The Notebook, ABC11, Inquirer); the resolution itself is not archived (GAP-038)"
sch_00340,Communications Technology High,2013,"press reports of the March 7, 2013 SRC vote (Chalkbeat/The Notebook, ABC11, Inquirer); the resolution itself is not archived (GAP-038)"
sch_00354,Edward Bok Technical High,2013,"press reports of the March 7, 2013 SRC vote (Chalkbeat/The Notebook, ABC11, Inquirer); the resolution itself is not archived (GAP-038)"
sch_00417,Fairhill Elementary,2013,"press reports of the March 7, 2013 SRC vote (Chalkbeat/The Notebook, ABC11, Inquirer); the resolution itself is not archived (GAP-038)"
sch_00364,General John F. Reynolds Elementary,2013,"press reports of the March 7, 2013 SRC vote (Chalkbeat/The Notebook, ABC11, Inquirer); the resolution itself is not archived (GAP-038)"
sch_00345,George Pepper Middle,2013,"press reports of the March 7, 2013 SRC vote (Chalkbeat/The Notebook, ABC11, Inquirer); the resolution itself is not archived (GAP-038)"
sch_00366,George Washington Elementary,2013,"press reports of the March 7, 2013 SRC vote (Chalkbeat/The Notebook, ABC11, Inquirer); the resolution itself is not archived (GAP-038)"
sch_00424,Germantown High,2013,"press reports of the March 7, 2013 SRC vote (Chalkbeat/The Notebook, ABC11, Inquirer); the resolution itself is not archived (GAP-038)"
sch_00401,John G. Whittier Elementary,2013,"press reports of the March 7, 2013 SRC vote (Chalkbeat/The Notebook, ABC11, Inquirer); the resolution itself is not archived (GAP-038)"
sch_00431,John L. Kinsey Elementary,2013,"press reports of the March 7, 2013 SRC vote (Chalkbeat/The Notebook, ABC11, Inquirer); the resolution itself is not archived (GAP-038)"
sch_00418,Joseph C. Ferguson Elementary,2013,"press reports of the March 7, 2013 SRC vote (Chalkbeat/The Notebook, ABC11, Inquirer); the resolution itself is not archived (GAP-038)"
sch_00352,Joseph Leidy Elementary,2013,"press reports of the March 7, 2013 SRC vote (Chalkbeat/The Notebook, ABC11, Inquirer); the resolution itself is not archived (GAP-038)"
sch_00402,Leslie P. Hill Elementary,2013,"press reports of the March 7, 2013 SRC vote (Chalkbeat/The Notebook, ABC11, Inquirer); the resolution itself is not archived (GAP-038)"
sch_00396,Robert E. Lamberton High,2013,"press reports of the March 7, 2013 SRC vote (Chalkbeat/The Notebook, ABC11, Inquirer); the resolution itself is not archived (GAP-038)"
sch_00430,Robert Fulton Elementary,2013,"press reports of the March 7, 2013 SRC vote (Chalkbeat/The Notebook, ABC11, Inquirer); the resolution itself is not archived (GAP-038)"
sch_00358,Roberts Vaux Promise Academy,2013,"press reports of the March 7, 2013 SRC vote (Chalkbeat/The Notebook, ABC11, Inquirer); the resolution itself is not archived (GAP-038)"
sch_00423,Sheridan West Academy,2013,"press reports of the March 7, 2013 SRC vote (Chalkbeat/The Notebook, ABC11, Inquirer); the resolution itself is not archived (GAP-038)"
sch_00415,Stephen A. Douglas High,2013,"press reports of the March 7, 2013 SRC vote (Chalkbeat/The Notebook, ABC11, Inquirer); the resolution itself is not archived (GAP-038)"
sch_00341,University City High,2013,"press reports of the March 7, 2013 SRC vote (Chalkbeat/The Notebook, ABC11, Inquirer); the resolution itself is not archived (GAP-038)"
sch_00365,Walter G. Smith Elementary,2013,"press reports of the March 7, 2013 SRC vote (Chalkbeat/The Notebook, ABC11, Inquirer); the resolution itself is not archived (GAP-038)"
