measure_id,name,definition,unit,denominator,aggregation,table,source_key,first_sy,breaks,usage_notes
enrollment_count,Enrolled students,"Students enrolled at the school on the October 1 count, by grade and student group",students,n/a,sum across schools; never sum grade ALL with grade rows,enrollment,sdp_enrollment,2010,"Coverage break between 2013-14 and 2014-15: files for 2009-10 to 2013-14 cover district schools only (131,894 students in 2013-14); from 2014-15 they include charter and alternative schools (197,694). Do not draw a trend line across that break without labeling it. 2014-15 to 2018-19 files were reposted in Aug 2025 under new suppression rules. 2010-11 Black, Hispanic, American Indian, and multiracial counts are withheld (zeros in the source; corrections/enrollment.csv).",Groups under the district's threshold are suppressed (2009-10 to 2013-14: whole rows with 20 or fewer students). Economically disadvantaged counts exist only for 2012-13 and 2013-14 and use a different method from the later CEP rate.
cep_econ_disadvantaged_rate,Economically disadvantaged rate (CEP),Share of students the district counts as economically disadvantaged under the federal Community Eligibility Provision method,percent,school enrollment,enrollment-weighted average,school_metric,sdp_enrollment,2015,CEP direct-certification method; not comparable to free/reduced lunch counts from other places,A poverty proxy. Do not use alone to rank or label schools.
catchment_flow_count,Students by catchment and school,Students who live in a catchment (by last address on file at the Oct 1 snapshot) and are enrolled at a given school,students,n/a,sum,catchment_flow,sdp_catchment_retention,2017,,Catchment 'not available' means the address could not be placed; destinations outside the district list are placeholder schools (cyber and out-of-city charters).
building_capacity,Building capacity,Seats the district counts for the school's building,seats,n/a,"sum per building, not per school (co-located schools share a building)",school_metric,sdp_catchment_retention,2017,Facilities planning capacity figures have shifted between releases,Check co-location before comparing; see facilities data gaps.
retention_total_enrollment,Total enrollment (retention file),Total students enrolled at the school as reported in the district's catchment retention file,students,n/a,sum,school_metric,sdp_catchment_retention,2017,,May differ slightly from enrollment_count totals because of snapshot and program rules.
catchment_size,Catchment size,"Students living in the school's catchment who are enrolled in any public school (district, charter, or cyber)",students,n/a,"not aggregable across levels (ES, MS, HS catchments overlap)",school_metric,sdp_catchment_retention,2017,Catchment boundaries change by year,Only neighborhood (catchment) schools have catchments.
students_attending_neighborhood_school,Catchment students attending,Students who live in the school's catchment and attend the school,students,n/a,sum within one level,school_metric,sdp_catchment_retention,2017,,Numerator of both retention percentages.
enrollment_catchment_ratio,Enrollment to catchment ratio,School enrollment divided by catchment size,ratio,catchment_size,not aggregable,school_metric,sdp_catchment_retention,2017,,High values can mean a small catchment or many students from elsewhere.
pct_catchment_students_attending,Share of catchment students who attend,Catchment students attending the school as a percent of all students living in the catchment,percent,catchment_size (students living in the catchment),recompute from counts; do not average,school_metric,sdp_catchment_retention,2017,,"Denominator is residents, not enrollment. Citywide (sum of attending over sum of catchment size, this project's calculation): 47.4% in 2016-17, 38.1% to 38.8% from 2021-22 to 2025-26."
pct_enrollment_from_catchment,Share of enrollment from the catchment,Catchment students attending the school as a percent of the school's enrollment,percent,retention_total_enrollment (students enrolled),recompute from counts; do not average,school_metric,sdp_catchment_retention,2017,,"Denominator is the school's enrollment, not catchment residents."
resident_students_est,Public school students living in the neighborhood (estimate),"Students living in catchments, spread over neighborhoods by where each catchment's 2020 population lives (catchment_flow_to_neighborhood_v1)",students,n/a,sum across neighborhoods (not exactly additive to citywide because of unplaced students),derived/neighborhood_metric,sdp_catchment_retention,2017,"2016-17 and 2017-18 have many more students with unplaced addresses (15,735 and 27,911 vs about 2,000 recently), so early estimates undercount","Estimate, not a count. Under 20 is suppressed."
attending_catchment_school_est,Neighborhood students attending their catchment school (estimate),"Of resident students, those enrolled at the school whose catchment they live in (catchment_flow_to_neighborhood_v1)",students,n/a,sum,derived/neighborhood_metric,sdp_catchment_retention,2017,"2016-17 and 2017-18 have many more students with unplaced addresses (15,735 and 27,911 vs about 2,000 recently), so early estimates undercount",Estimate. Under 20 is suppressed.
pct_attending_catchment_school,Share of neighborhood students attending their catchment school (estimate),attending_catchment_school_est divided by resident_students_est,percent,resident_students_est,recompute from counts,derived/neighborhood_metric,sdp_catchment_retention,2017,"2016-17 and 2017-18 have many more students with unplaced addresses (15,735 and 27,911 vs about 2,000 recently), so early estimates undercount",Suppressed when the numerator is under 20. Describes family choices and seat availability together; not a measure of school quality.
enrolled_district_est,Neighborhood students enrolled in district-run schools (estimate),Resident students whose enrolled school is in this sector (catchment_flow_to_neighborhood_v1),students,n/a,sum,derived/neighborhood_metric,sdp_catchment_retention,2017,"2016-17 and 2017-18 have many more students with unplaced addresses (15,735 and 27,911 vs about 2,000 recently), so early estimates undercount","Estimate. Under 20 is suppressed. Sector is the school's governance that year, or its most recent listed year."
enrolled_charter_est,Neighborhood students enrolled in Philadelphia charter schools (estimate),Resident students whose enrolled school is in this sector (catchment_flow_to_neighborhood_v1),students,n/a,sum,derived/neighborhood_metric,sdp_catchment_retention,2017,"2016-17 and 2017-18 have many more students with unplaced addresses (15,735 and 27,911 vs about 2,000 recently), so early estimates undercount","Estimate. Under 20 is suppressed. Sector is the school's governance that year, or its most recent listed year."
enrolled_cyber_charter_est,Neighborhood students enrolled in cyber charter schools (estimate),Resident students whose enrolled school is in this sector (catchment_flow_to_neighborhood_v1),students,n/a,sum,derived/neighborhood_metric,sdp_catchment_retention,2017,"2016-17 and 2017-18 have many more students with unplaced addresses (15,735 and 27,911 vs about 2,000 recently), so early estimates undercount","Estimate. Under 20 is suppressed. Sector is the school's governance that year, or its most recent listed year."
enrolled_charter_outside_the_district_list_est,Neighborhood students enrolled in charters outside the district's list (mostly outside the city) (estimate),Resident students whose enrolled school is in this sector (catchment_flow_to_neighborhood_v1),students,n/a,sum,derived/neighborhood_metric,sdp_catchment_retention,2017,"2016-17 and 2017-18 have many more students with unplaced addresses (15,735 and 27,911 vs about 2,000 recently), so early estimates undercount","Estimate. Under 20 is suppressed. Sector is the school's governance that year, or its most recent listed year."
enrolled_contracted_est,Neighborhood students enrolled in contracted alternative schools (estimate),Resident students whose enrolled school is in this sector (catchment_flow_to_neighborhood_v1),students,n/a,sum,derived/neighborhood_metric,sdp_catchment_retention,2017,"2016-17 and 2017-18 have many more students with unplaced addresses (15,735 and 27,911 vs about 2,000 recently), so early estimates undercount","Estimate. Under 20 is suppressed. Sector is the school's governance that year, or its most recent listed year."
enrolled_program_outside_the_district_list_est,Neighborhood students enrolled in programs outside the district's list (estimate),Resident students whose enrolled school is in this sector (catchment_flow_to_neighborhood_v1),students,n/a,sum,derived/neighborhood_metric,sdp_catchment_retention,2017,"2016-17 and 2017-18 have many more students with unplaced addresses (15,735 and 27,911 vs about 2,000 recently), so early estimates undercount","Estimate. Under 20 is suppressed. Sector is the school's governance that year, or its most recent listed year."
enrolled_non_public_special_education_est,Neighborhood students enrolled in non-public special education placements (estimate),Resident students whose enrolled school is in this sector (catchment_flow_to_neighborhood_v1),students,n/a,sum,derived/neighborhood_metric,sdp_catchment_retention,2017,"2016-17 and 2017-18 have many more students with unplaced addresses (15,735 and 27,911 vs about 2,000 recently), so early estimates undercount","Estimate. Under 20 is suppressed. Sector is the school's governance that year, or its most recent listed year."
