school_id,ulcs,minted_on
sch_00001,1010,2026-10-04
sch_00002,1020,2026-10-04
sch_00003,1030,2026-10-04
sch_00004,1050,2026-10-04
sch_00005,1100,2026-10-04
sch_00006,1130,2026-10-04
sch_00007,1190,2026-10-04
sch_00008,1200,2026-10-04
sch_00009,1230,2026-10-04
sch_00010,1250,2026-10-04
sch_00011,1260,2026-10-04
sch_00012,1280,2026-10-04
sch_00013,1290,2026-10-04
sch_00014,1300,2026-10-04
sch_00015,1340,2026-10-04
sch_00016,1350,2026-10-04
sch_00017,1360,2026-10-04
sch_00018,1370,2026-10-04
sch_00019,1380,2026-10-04
sch_00020,1390,2026-10-04
sch_00021,1400,2026-10-04
sch_00022,1410,2026-10-04
sch_00023,1420,2026-10-04
sch_00024,1440,2026-10-04
sch_00025,1460,2026-10-04
sch_00026,1470,2026-10-04
sch_00027,1490,2026-10-04
sch_00028,1580,2026-10-04
sch_00029,2000,2026-10-04
sch_00030,2010,2026-10-04
sch_00031,2020,2026-10-04
sch_00032,2050,2026-10-04
sch_00033,2140,2026-10-04
sch_00034,2160,2026-10-04
sch_00035,2190,2026-10-04
sch_00036,2210,2026-10-04
sch_00037,2240,2026-10-04
sch_00038,2260,2026-10-04
sch_00039,2290,2026-10-04
sch_00040,2310,2026-10-04
sch_00041,2320,2026-10-04
sch_00042,2340,2026-10-04
sch_00043,2370,2026-10-04
sch_00044,2380,2026-10-04
sch_00045,2390,2026-10-04
sch_00046,2410,2026-10-04
sch_00047,2450,2026-10-04
sch_00048,2470,2026-10-04
sch_00049,2480,2026-10-04
sch_00050,2490,2026-10-04
sch_00051,2510,2026-10-04
sch_00052,2520,2026-10-04
sch_00053,2530,2026-10-04
sch_00054,2540,2026-10-04
sch_00055,2580,2026-10-04
sch_00056,2590,2026-10-04
sch_00057,2620,2026-10-04
sch_00058,2630,2026-10-04
sch_00059,2640,2026-10-04
sch_00060,2650,2026-10-04
sch_00061,2670,2026-10-04
sch_00062,2680,2026-10-04
sch_00063,2690,2026-10-04
sch_00064,2720,2026-10-04
sch_00065,3040,2026-10-04
sch_00066,3190,2026-10-04
sch_00067,3210,2026-10-04
sch_00068,3240,2026-10-04
sch_00069,3290,2026-10-04
sch_00070,3301,2026-10-04
sch_00071,3302,2026-10-04
sch_00072,3304,2026-10-04
sch_00073,3306,2026-10-04
sch_00074,3307,2026-10-04
sch_00075,3308,2026-10-04
sch_00076,3309,2026-10-04
sch_00077,3310,2026-10-04
sch_00078,3312,2026-10-04
sch_00079,3313,2026-10-04
sch_00080,3314,2026-10-04
sch_00081,3315,2026-10-04
sch_00082,3317,2026-10-04
sch_00083,3318,2026-10-04
sch_00084,3321,2026-10-04
sch_00085,3322,2026-10-04
sch_00086,3323,2026-10-04
sch_00087,3326,2026-10-04
sch_00088,3328,2026-10-04
sch_00089,3329,2026-10-04
sch_00090,3331,2026-10-04
sch_00091,3332,2026-10-04
sch_00092,3333,2026-10-04
sch_00093,3334,2026-10-04
sch_00094,3335,2026-10-04
sch_00095,3336,2026-10-04
sch_00096,3337,2026-10-04
sch_00097,3341,2026-10-04
sch_00098,3350,2026-10-04
sch_00099,3353,2026-10-04
sch_00100,3357,2026-10-04
sch_00101,3358,2026-10-04
sch_00102,3359,2026-10-04
sch_00103,3360,2026-10-04
sch_00104,3361,2026-10-04
sch_00105,3362,2026-10-04
sch_00106,3364,2026-10-04
sch_00107,3365,2026-10-04
sch_00108,3366,2026-10-04
sch_00109,3368,2026-10-04
sch_00110,3370,2026-10-04
sch_00111,3372,2026-10-04
sch_00112,3378,2026-10-04
sch_00113,3379,2026-10-04
sch_00114,3383,2026-10-04
sch_00115,3384,2026-10-04
sch_00116,3385,2026-10-04
sch_00117,3386,2026-10-04
sch_00118,3388,2026-10-04
sch_00119,3389,2026-10-04
sch_00120,3392,2026-10-04
sch_00121,3393,2026-10-04
sch_00122,3394,2026-10-04
sch_00123,3395,2026-10-04
sch_00124,3396,2026-10-04
sch_00125,3397,2026-10-04
sch_00126,3399,2026-10-04
sch_00127,3403,2026-10-04
sch_00128,3404,2026-10-04
sch_00129,3406,2026-10-04
sch_00130,3407,2026-10-04
sch_00131,3408,2026-10-04
sch_00132,3409,2026-10-04
sch_00133,3410,2026-10-04
sch_00134,3411,2026-10-04
sch_00135,3412,2026-10-04
sch_00136,3414,2026-10-04
sch_00137,3415,2026-10-04
sch_00138,3416,2026-10-04
sch_00139,3417,2026-10-04
sch_00140,3418,2026-10-04
sch_00141,3419,2026-10-04
sch_00142,3420,2026-10-04
sch_00143,3421,2026-10-04
sch_00144,3422,2026-10-04
sch_00145,3423,2026-10-04
sch_00146,3424,2026-10-04
sch_00147,3426,2026-10-04
sch_00148,3427,2026-10-04
sch_00149,3428,2026-10-04
sch_00150,3436,2026-10-04
sch_00151,3437,2026-10-04
sch_00152,3438,2026-10-04
sch_00153,3439,2026-10-04
sch_00154,3440,2026-10-04
sch_00155,3441,2026-10-04
sch_00156,3442,2026-10-04
sch_00157,3443,2026-10-04
sch_00158,3445,2026-10-04
sch_00159,3446,2026-10-04
sch_00160,3510,2026-10-04
sch_00161,3540,2026-10-04
sch_00162,3810,2026-10-04
sch_00163,3820,2026-10-04
sch_00164,3850,2026-10-04
sch_00165,3880,2026-10-04
sch_00166,4020,2026-10-04
sch_00167,4030,2026-10-04
sch_00168,4060,2026-10-04
sch_00169,4140,2026-10-04
sch_00170,4220,2026-10-04
sch_00171,4240,2026-10-04
sch_00172,4270,2026-10-04
sch_00173,4280,2026-10-04
sch_00174,4300,2026-10-04
sch_00175,4320,2026-10-04
sch_00176,4350,2026-10-04
sch_00177,4360,2026-10-04
sch_00178,4370,2026-10-04
sch_00179,4380,2026-10-04
sch_00180,4440,2026-10-04
sch_00181,4460,2026-10-04
sch_00182,4470,2026-10-04
sch_00183,4480,2026-10-04
sch_00184,4520,2026-10-04
sch_00185,4530,2026-10-04
sch_00186,4560,2026-10-04
sch_00187,4570,2026-10-04
sch_00188,5020,2026-10-04
sch_00189,5050,2026-10-04
sch_00190,5060,2026-10-04
sch_00191,5070,2026-10-04
sch_00192,5080,2026-10-04
sch_00193,5090,2026-10-04
sch_00194,5150,2026-10-04
sch_00195,5160,2026-10-04
sch_00196,5170,2026-10-04
sch_00197,5180,2026-10-04
sch_00198,5200,2026-10-04
sch_00199,5210,2026-10-04
sch_00200,5230,2026-10-04
sch_00201,5250,2026-10-04
sch_00202,5260,2026-10-04
sch_00203,5300,2026-10-04
sch_00204,5320,2026-10-04
sch_00205,5330,2026-10-04
sch_00206,5340,2026-10-04
sch_00207,5350,2026-10-04
sch_00208,5370,2026-10-04
sch_00209,5390,2026-10-04
sch_00210,5400,2026-10-04
sch_00211,5410,2026-10-04
sch_00212,5420,2026-10-04
sch_00213,5430,2026-10-04
sch_00214,5440,2026-10-04
sch_00215,5470,2026-10-04
sch_00216,5480,2026-10-04
sch_00217,5490,2026-10-04
sch_00218,5500,2026-10-04
sch_00219,5520,2026-10-04
sch_00220,5530,2026-10-04
sch_00221,5550,2026-10-04
sch_00222,5560,2026-10-04
sch_00223,5580,2026-10-04
sch_00224,5581,2026-10-04
sch_00225,5590,2026-10-04
sch_00226,5610,2026-10-04
sch_00227,5620,2026-10-04
sch_00228,5660,2026-10-04
sch_00229,5680,2026-10-04
sch_00230,5700,2026-10-04
sch_00231,6010,2026-10-04
sch_00232,6030,2026-10-04
sch_00233,6040,2026-10-04
sch_00234,6050,2026-10-04
sch_00235,6060,2026-10-04
sch_00236,6090,2026-10-04
sch_00237,6200,2026-10-04
sch_00238,6210,2026-10-04
sch_00239,6220,2026-10-04
sch_00240,6230,2026-10-04
sch_00241,6250,2026-10-04
sch_00242,6260,2026-10-04
sch_00243,6270,2026-10-04
sch_00244,6300,2026-10-04
sch_00245,6310,2026-10-04
sch_00246,6320,2026-10-04
sch_00247,6340,2026-10-04
sch_00248,6350,2026-10-04
sch_00249,6360,2026-10-04
sch_00250,6380,2026-10-04
sch_00251,6390,2026-10-04
sch_00252,6400,2026-10-04
sch_00253,6410,2026-10-04
sch_00254,6440,2026-10-04
sch_00255,6450,2026-10-04
sch_00256,6460,2026-10-04
sch_00257,6470,2026-10-04
sch_00258,6480,2026-10-04
sch_00259,6540,2026-10-04
sch_00260,7010,2026-10-04
sch_00261,7060,2026-10-04
sch_00262,7061,2026-10-04
sch_00263,7100,2026-10-04
sch_00264,7110,2026-10-04
sch_00265,7120,2026-10-04
sch_00266,7130,2026-10-04
sch_00267,7150,2026-10-04
sch_00268,7200,2026-10-04
sch_00269,7220,2026-10-04
sch_00270,7260,2026-10-04
sch_00271,7270,2026-10-04
sch_00272,7280,2026-10-04
sch_00273,7290,2026-10-04
sch_00274,7300,2026-10-04
sch_00275,7310,2026-10-04
sch_00276,7320,2026-10-04
sch_00277,7330,2026-10-04
sch_00278,7350,2026-10-04
sch_00279,7360,2026-10-04
sch_00280,7370,2026-10-04
sch_00281,7380,2026-10-04
sch_00282,7390,2026-10-04
sch_00283,7400,2026-10-04
sch_00284,7430,2026-10-04
sch_00285,7440,2026-10-04
sch_00286,7460,2026-10-04
sch_00287,7470,2026-10-04
sch_00288,7490,2026-10-04
sch_00289,7500,2026-10-04
sch_00290,7510,2026-10-04
sch_00291,7530,2026-10-04
sch_00292,7730,2026-10-04
sch_00293,8010,2026-10-04
sch_00294,8020,2026-10-04
sch_00295,8030,2026-10-04
sch_00296,8040,2026-10-04
sch_00297,8070,2026-10-04
sch_00298,8080,2026-10-04
sch_00299,8090,2026-10-04
sch_00300,8100,2026-10-04
sch_00301,8120,2026-10-04
sch_00302,8130,2026-10-04
sch_00303,8140,2026-10-04
sch_00304,8160,2026-10-04
sch_00305,8190,2026-10-04
sch_00306,8200,2026-10-04
sch_00307,8210,2026-10-04
sch_00308,8230,2026-10-04
sch_00309,8240,2026-10-04
sch_00310,8250,2026-10-04
sch_00311,8260,2026-10-04
sch_00312,8270,2026-10-04
sch_00313,8300,2026-10-04
sch_00314,8310,2026-10-04
sch_00315,8340,2026-10-04
sch_00316,8350,2026-10-04
sch_00317,8360,2026-10-04
sch_00318,8370,2026-10-04
sch_00319,8380,2026-10-04
sch_00320,8390,2026-10-04
sch_00321,8400,2026-10-04
sch_00322,8410,2026-10-04
sch_00323,8420,2026-10-04
sch_00324,8430,2026-10-04
sch_00325,8440,2026-10-04
sch_00326,8450,2026-10-04
sch_00327,8460,2026-10-04
sch_00328,8470,2026-10-04
sch_00329,8540,2026-10-04
sch_00330,8560,2026-10-04
sch_00331,8690,2026-10-04
sch_00332,8770,2026-10-04
sch_00333,8780,2026-10-04
sch_00334,8860,2026-10-04
sch_00335,8870,2026-10-04
sch_00336,8890,2026-10-04
sch_00337,8891,2026-10-04
sch_00338,8900,2026-10-04
sch_00339,5710,2026-10-04
sch_00340,1060,2026-10-04
sch_00341,1080,2026-10-04
sch_00342,1090,2026-10-04
sch_00343,1110,2026-10-04
sch_00344,1120,2026-10-04
sch_00345,1150,2026-10-04
sch_00346,1160,2026-10-04
sch_00347,1210,2026-10-04
sch_00348,1270,2026-10-04
sch_00349,1310,2026-10-04
sch_00350,1330,2026-10-04
sch_00351,1430,2026-10-04
sch_00352,1530,2026-10-04
sch_00353,2060,2026-10-04
sch_00354,2090,2026-10-04
sch_00355,2100,2026-10-04
sch_00356,2110,2026-10-04
sch_00357,2120,2026-10-04
sch_00358,2130,2026-10-04
sch_00359,2141,2026-10-04
sch_00360,2150,2026-10-04
sch_00361,2200,2026-10-04
sch_00362,2300,2026-10-04
sch_00363,2400,2026-10-04
sch_00364,2420,2026-10-04
sch_00365,2440,2026-10-04
sch_00366,2730,2026-10-04
sch_00367,2800,2026-10-04
sch_00368,3170,2026-10-04
sch_00369,3200,2026-10-04
sch_00370,3291,2026-10-04
sch_00371,3303,2026-10-04
sch_00372,3305,2026-10-04
sch_00373,3319,2026-10-04
sch_00374,3320,2026-10-04
sch_00375,3324,2026-10-04
sch_00376,3339,2026-10-04
sch_00377,3340,2026-10-04
sch_00378,3342,2026-10-04
sch_00379,3363,2026-10-04
sch_00380,3380,2026-10-04
sch_00381,3391,2026-10-04
sch_00382,3398,2026-10-04
sch_00383,3425,2026-10-04
sch_00384,3800,2026-10-04
sch_00385,3840,2026-10-04
sch_00386,4010,2026-10-04
sch_00387,4100,2026-10-04
sch_00388,4110,2026-10-04
sch_00389,4120,2026-10-04
sch_00390,4130,2026-10-04
sch_00391,4150,2026-10-04
sch_00392,4210,2026-10-04
sch_00393,4260,2026-10-04
sch_00394,4290,2026-10-04
sch_00395,4310,2026-10-04
sch_00396,4330,2026-10-04
sch_00397,4340,2026-10-04
sch_00398,4390,2026-10-04
sch_00399,4400,2026-10-04
sch_00400,4420,2026-10-04
sch_00401,4430,2026-10-04
sch_00402,4450,2026-10-04
sch_00403,4510,2026-10-04
sch_00404,5010,2026-10-04
sch_00405,5040,2026-10-04
sch_00406,5071,2026-10-04
sch_00407,5073,2026-10-04
sch_00408,5100,2026-10-04
sch_00409,5110,2026-10-04
sch_00410,5120,2026-10-04
sch_00411,5130,2026-10-04
sch_00412,5140,2026-10-04
sch_00413,5190,2026-10-04
sch_00414,5220,2026-10-04
sch_00415,5240,2026-10-04
sch_00416,5270,2026-10-04
sch_00417,5280,2026-10-04
sch_00418,5290,2026-10-04
sch_00419,5310,2026-10-04
sch_00420,5450,2026-10-04
sch_00421,5510,2026-10-04
sch_00422,5600,2026-10-04
sch_00423,5650,2026-10-04
sch_00424,6020,2026-10-04
sch_00425,6070,2026-10-04
sch_00426,6100,2026-10-04
sch_00427,6110,2026-10-04
sch_00428,6150,2026-10-04
sch_00429,6160,2026-10-04
sch_00430,6240,2026-10-04
sch_00431,6280,2026-10-04
sch_00432,6290,2026-10-04
sch_00433,6330,2026-10-04
sch_00434,6430,2026-10-04
sch_00435,7020,2026-10-04
sch_00436,7040,2026-10-04
sch_00437,7050,2026-10-04
sch_00438,7210,2026-10-04
sch_00439,7240,2026-10-04
sch_00440,7250,2026-10-04
sch_00441,7420,2026-10-04
sch_00442,8150,2026-10-04
sch_00443,8180,2026-10-04
sch_00444,8320,2026-10-04
