neighborhood,level,ulcs,school_name,share
ACADEMY_GARDENS,ES,8270,"Holme, Thomas",0.994
ACADEMY_GARDENS,HS,8010,"Lincoln, Abraham",0.994
ACADEMY_GARDENS,MS,8270,"Holme, Thomas",0.994
AIRPORT,ES,1400,"Patterson, John M",0.751
AIRPORT,ES,1440,Penrose,0.23
AIRPORT,HS,1010,"Bartram, John",0.981
AIRPORT,MS,1130,"Tilden, William",0.751
AIRPORT,MS,1440,Penrose,0.23
ALLEGHENY_WEST,ES,4350,"Rhodes, E Washington",0.534
ALLEGHENY_WEST,ES,6320,"Mifflin, Thomas",0.226
ALLEGHENY_WEST,ES,4440,"Allen, Ethel D",0.139
ALLEGHENY_WEST,ES,4380,"Peirce, Thomas M",0.095
ALLEGHENY_WEST,HS,4140,Strawberry Mansion HS,0.769
ALLEGHENY_WEST,HS,6030,Roxborough High School,0.226
ALLEGHENY_WEST,MS,4350,"Rhodes, E Washington",0.629
ALLEGHENY_WEST,MS,6320,"Mifflin, Thomas",0.226
ALLEGHENY_WEST,MS,4440,"Allen, Ethel D",0.139
ANDORRA,ES,6380,Shawmont,1.0
ANDORRA,HS,6030,Roxborough High School,1.0
ANDORRA,MS,6380,Shawmont,1.0
ASTON_WOODBRIDGE,ES,8270,"Holme, Thomas",0.759
ASTON_WOODBRIDGE,ES,8410,"Pollock, Robert B",0.237
ASTON_WOODBRIDGE,HS,8010,"Lincoln, Abraham",0.995
ASTON_WOODBRIDGE,MS,8270,"Holme, Thomas",0.759
ASTON_WOODBRIDGE,MS,8410,"Pollock, Robert B",0.237
BARTRAM_VILLAGE,ES,1260,"Comegys, Benjamin B",0.615
BARTRAM_VILLAGE,ES,1380,"Morton, Thomas G",0.35
BARTRAM_VILLAGE,ES,3424,Universal Institute Charter School at Alcorn,0.034
BARTRAM_VILLAGE,HS,1010,"Bartram, John",0.966
BARTRAM_VILLAGE,HS,3417,Universal Institute Charter School at Audenried,0.034
BARTRAM_VILLAGE,MS,1260,"Comegys, Benjamin B",0.615
BARTRAM_VILLAGE,MS,1130,"Tilden, William",0.35
BARTRAM_VILLAGE,MS,3424,Universal Institute Charter School at Alcorn,0.034
BELLA_VISTA,ES,2590,"Nebinger, George W",0.528
BELLA_VISTA,ES,2380,"Meredith, William M",0.362
BELLA_VISTA,ES,2510,Fanny Jackson Coppin,0.11
BELLA_VISTA,HS,2160,"Furness, Horace",1.0
BELLA_VISTA,MS,2590,"Nebinger, George W",0.528
BELLA_VISTA,MS,2380,"Meredith, William M",0.362
BELLA_VISTA,MS,2510,Fanny Jackson Coppin,0.11
BELMONT,ES,3368,Belmont Elementary Charter School,0.615
BELMONT,ES,1490,"Blankenburg, Rudolph",0.378
BELMONT,HS,1020,West Philadelphia HS,0.622
BELMONT,HS,4020,Overbrook High,0.378
BELMONT,MS,3368,Belmont Elementary Charter School,0.615
BELMONT,MS,1490,"Blankenburg, Rudolph",0.378
BLUE_BELL_HILL,ES,6440,"Lingelbach, Anna L",0.999
BLUE_BELL_HILL,HS,6030,Roxborough High School,1.0
BLUE_BELL_HILL,MS,6440,"Lingelbach, Anna L",0.999
BREWERYTOWN,ES,2390,"Morris, Robert",0.483
BREWERYTOWN,ES,4560,"Kelley, William D",0.307
BREWERYTOWN,ES,4530,"Gideon, Edward",0.194
BREWERYTOWN,HS,4140,Strawberry Mansion HS,0.517
BREWERYTOWN,HS,5180,Vaux Big Picture High School,0.483
BREWERYTOWN,MS,2390,"Morris, Robert",0.483
BREWERYTOWN,MS,4560,"Kelley, William D",0.307
BREWERYTOWN,MS,4530,"Gideon, Edward",0.194
BRIDESBURG,ES,7470,Bridesburg,0.975
BRIDESBURG,HS,7010,Frankford HS,0.985
BRIDESBURG,MS,7470,Bridesburg,0.975
BURHOLME,ES,8230,"Crossan, Kennedy C",0.61
BURHOLME,ES,8260,Fox Chase,0.286
BURHOLME,ES,8310,"Moore, J Hampton",0.104
BURHOLME,HS,8020,Northeast High,0.714
BURHOLME,HS,8030,"Washington, George",0.286
BURHOLME,MS,8120,Castor Gardens,0.714
BURHOLME,MS,8160,"Baldi, CCA",0.286
BUSTLETON,ES,8400,"Frank, Anne",0.669
BUSTLETON,ES,8430,"Greenberg, Joseph",0.33
BUSTLETON,HS,8030,"Washington, George",1.0
BUSTLETON,MS,8160,"Baldi, CCA",0.67
BUSTLETON,MS,8430,"Greenberg, Joseph",0.33
BYBERRY,ES,8420,"Decatur, Stephen",0.631
BYBERRY,ES,8370,"Comly, Watson",0.362
BYBERRY,HS,8030,"Washington, George",0.993
BYBERRY,MS,8420,"Decatur, Stephen",0.631
BYBERRY,MS,8160,"Baldi, CCA",0.362
CALLOWHILL,ES,5560,Spring Garden,0.51
CALLOWHILL,ES,5480,"Kearny, General Philip",0.471
CALLOWHILL,HS,2010,"Franklin, Benjamin HS",1.0
CALLOWHILL,MS,5560,Spring Garden,0.51
CALLOWHILL,MS,5480,"Kearny, General Philip",0.471
CARROLL_PARK,ES,4520,"Bluford, Guion",0.588
CARROLL_PARK,ES,4300,"Heston, Edward",0.354
CARROLL_PARK,ES,1490,"Blankenburg, Rudolph",0.057
CARROLL_PARK,HS,4020,Overbrook High,0.999
CARROLL_PARK,MS,4520,"Bluford, Guion",0.588
CARROLL_PARK,MS,4300,"Heston, Edward",0.354
CARROLL_PARK,MS,1490,"Blankenburg, Rudolph",0.057
CEDARBROOK,ES,6210,"Edmonds, Franklin S",0.485
CEDARBROOK,ES,6310,"McCloskey, John F",0.281
CEDARBROOK,ES,6270,"Jenks, John S",0.233
CEDARBROOK,HS,6060,"King, Martin Luther",0.766
CEDARBROOK,HS,6030,Roxborough High School,0.233
CEDARBROOK,MS,6210,"Edmonds, Franklin S",0.485
CEDARBROOK,MS,6310,"McCloskey, John F",0.281
CEDARBROOK,MS,6270,"Jenks, John S",0.233
CEDAR_PARK,ES,1300,"Harrington, Avery",0.504
CEDAR_PARK,ES,1260,"Comegys, Benjamin B",0.164
CEDAR_PARK,ES,1340,"Lea, Henry C",0.121
CEDAR_PARK,ES,1280,Penn Alexander,0.106
CEDAR_PARK,ES,3428,Global Leadership Academy Charter School at Huey,0.106
CEDAR_PARK,HS,1100,"Sayre, William",0.609
CEDAR_PARK,HS,1020,West Philadelphia HS,0.227
CEDAR_PARK,HS,1010,"Bartram, John",0.164
CEDAR_PARK,MS,1300,"Harrington, Avery",0.504
CEDAR_PARK,MS,1260,"Comegys, Benjamin B",0.164
CEDAR_PARK,MS,1340,"Lea, Henry C",0.121
CEDAR_PARK,MS,1280,Penn Alexander,0.106
CEDAR_PARK,MS,3428,Global Leadership Academy Charter School at Huey,0.106
CENTER_CITY,ES,2340,"McCall, General George A",0.949
CENTER_CITY,ES,5560,Spring Garden,0.033
CENTER_CITY,HS,2010,"Franklin, Benjamin HS",1.0
CENTER_CITY,MS,2340,"McCall, General George A",0.949
CENTER_CITY,MS,5560,Spring Garden,0.033
CHESTNUT_HILL,ES,6270,"Jenks, John S",0.906
CHESTNUT_HILL,ES,6260,"Houston, Henry E",0.065
CHESTNUT_HILL,ES,6250,"Henry, Charles W",0.029
CHESTNUT_HILL,HS,6030,Roxborough High School,0.999
CHESTNUT_HILL,MS,6270,"Jenks, John S",0.906
CHESTNUT_HILL,MS,6260,"Houston, Henry E",0.065
CHESTNUT_HILL,MS,6250,"Henry, Charles W",0.029
CHINATOWN,ES,2340,"McCall, General George A",0.914
CHINATOWN,ES,5560,Spring Garden,0.05
CHINATOWN,ES,5480,"Kearny, General Philip",0.035
CHINATOWN,HS,2010,"Franklin, Benjamin HS",1.0
CHINATOWN,MS,2340,"McCall, General George A",0.914
CHINATOWN,MS,5560,Spring Garden,0.05
CHINATOWN,MS,5480,"Kearny, General Philip",0.035
CLEARVIEW,ES,1440,Penrose,0.982
CLEARVIEW,HS,1010,"Bartram, John",0.999
CLEARVIEW,MS,1440,Penrose,0.982
COBBS_CREEK,ES,1230,"Bryant, William Cullen",0.259
COBBS_CREEK,ES,1460,"Anderson, Add B",0.2
COBBS_CREEK,ES,3407,Mastery Charter School at Harrity,0.19
COBBS_CREEK,ES,3428,Global Leadership Academy Charter School at Huey,0.139
COBBS_CREEK,ES,1290,"Hamilton, Andrew",0.135
COBBS_CREEK,ES,1200,"Barry, Commodore John",0.046
COBBS_CREEK,ES,1300,"Harrington, Avery",0.03
COBBS_CREEK,HS,1100,"Sayre, William",1.0
COBBS_CREEK,MS,1230,"Bryant, William Cullen",0.259
COBBS_CREEK,MS,1460,"Anderson, Add B",0.2
COBBS_CREEK,MS,3407,Mastery Charter School at Harrity,0.19
COBBS_CREEK,MS,3428,Global Leadership Academy Charter School at Huey,0.139
COBBS_CREEK,MS,1290,"Hamilton, Andrew",0.135
COBBS_CREEK,MS,1200,"Barry, Commodore John",0.046
COBBS_CREEK,MS,1300,"Harrington, Avery",0.03
CRESCENTVILLE,ES,3421,Universal Institute Charter School at Creighton,0.387
CRESCENTVILLE,ES,7220,"Carnell, Laura H",0.288
CRESCENTVILLE,ES,7280,"Franklin, Benjamin ES",0.276
CRESCENTVILLE,ES,8310,"Moore, J Hampton",0.049
CRESCENTVILLE,HS,7120,"Fels, Samuel",0.951
CRESCENTVILLE,HS,8020,Northeast High,0.049
CRESCENTVILLE,MS,3421,Universal Institute Charter School at Creighton,0.387
CRESCENTVILLE,MS,7110,"Harding, Warren G",0.288
CRESCENTVILLE,MS,7280,"Franklin, Benjamin ES",0.276
CRESCENTVILLE,MS,8120,Castor Gardens,0.049
CRESTMONT_FARMS,ES,8390,"Fitzpatrick, Aloysius L",0.963
CRESTMONT_FARMS,HS,8030,"Washington, George",0.967
CRESTMONT_FARMS,MS,8390,"Fitzpatrick, Aloysius L",0.963
DEARNLEY_PARK,ES,6380,Shawmont,0.999
DEARNLEY_PARK,HS,6030,Roxborough High School,0.999
DEARNLEY_PARK,MS,6380,Shawmont,0.999
DICKINSON_NARROWS,ES,2720,Vare-Washington ES,0.508
DICKINSON_NARROWS,ES,2580,"Kirkbride, Elizabeth B",0.409
DICKINSON_NARROWS,ES,2640,Southwark,0.083
DICKINSON_NARROWS,HS,2160,"Furness, Horace",0.917
DICKINSON_NARROWS,HS,2000,South Philadelphia HS,0.083
DICKINSON_NARROWS,MS,2720,Vare-Washington ES,0.508
DICKINSON_NARROWS,MS,2580,"Kirkbride, Elizabeth B",0.409
DICKINSON_NARROWS,MS,2640,Southwark,0.083
DUNLAP,ES,1410,"Rhoads, James",0.611
DUNLAP,ES,1470,"Locke, Alain",0.388
DUNLAP,HS,4020,Overbrook High,0.611
DUNLAP,HS,1020,West Philadelphia HS,0.388
DUNLAP,MS,1410,"Rhoads, James",0.611
DUNLAP,MS,1470,"Locke, Alain",0.388
EASTWICK,ES,1440,Penrose,0.761
EASTWICK,ES,1400,"Patterson, John M",0.238
EASTWICK,HS,1010,"Bartram, John",0.999
EASTWICK,MS,1440,Penrose,0.761
EASTWICK,MS,1130,"Tilden, William",0.238
EAST_FALLS,ES,6320,"Mifflin, Thomas",0.945
EAST_FALLS,ES,6470,"Kelly, John B",0.041
EAST_FALLS,HS,6030,Roxborough High School,0.95
EAST_FALLS,HS,6060,"King, Martin Luther",0.041
EAST_FALLS,MS,6320,"Mifflin, Thomas",0.945
EAST_FALLS,MS,6360,"Roosevelt, Theodore",0.041
EAST_KENSINGTON,ES,5210,"Brown, Henry A",0.686
EAST_KENSINGTON,ES,5300,"Hackett, Horatio B",0.306
EAST_KENSINGTON,HS,5700,Kensington Campus,0.691
EAST_KENSINGTON,HS,5160,Penn Treaty HS,0.309
EAST_KENSINGTON,MS,5210,"Brown, Henry A",0.686
EAST_KENSINGTON,MS,5160,Penn Treaty HS,0.307
EAST_OAK_LANE,ES,7260,Ellwood,0.665
EAST_OAK_LANE,ES,7350,"Lowell, James R",0.235
EAST_OAK_LANE,ES,7270,"Finletter, Thomas K",0.1
EAST_OAK_LANE,HS,6060,"King, Martin Luther",0.665
EAST_OAK_LANE,HS,7120,"Fels, Samuel",0.334
EAST_OAK_LANE,MS,7130,"Wagner, General Louis",0.665
EAST_OAK_LANE,MS,7370,"Washington Jr, Grover",0.235
EAST_OAK_LANE,MS,7270,"Finletter, Thomas K",0.1
EAST_PARK,ES,4220,"Blaine, James G",0.628
EAST_PARK,ES,2390,"Morris, Robert",0.209
EAST_PARK,ES,4440,"Allen, Ethel D",0.081
EAST_PARK,ES,2210,Bache / Martin,0.061
EAST_PARK,HS,4140,Strawberry Mansion HS,0.71
EAST_PARK,HS,5180,Vaux Big Picture High School,0.209
EAST_PARK,HS,2010,"Franklin, Benjamin HS",0.061
EAST_PARK,MS,4220,"Blaine, James G",0.628
EAST_PARK,MS,2390,"Morris, Robert",0.209
EAST_PARK,MS,4440,"Allen, Ethel D",0.081
EAST_PARK,MS,2210,Bache / Martin,0.061
EAST_PARKSIDE,ES,1490,"Blankenburg, Rudolph",0.996
EAST_PARKSIDE,HS,4020,Overbrook High,0.996
EAST_PARKSIDE,MS,1490,"Blankenburg, Rudolph",0.996
EAST_PASSYUNK,ES,2640,Southwark,0.757
EAST_PASSYUNK,ES,2510,Fanny Jackson Coppin,0.212
EAST_PASSYUNK,ES,2580,"Kirkbride, Elizabeth B",0.031
EAST_PASSYUNK,HS,2000,South Philadelphia HS,0.757
EAST_PASSYUNK,HS,2160,"Furness, Horace",0.243
EAST_PASSYUNK,MS,2640,Southwark,0.757
EAST_PASSYUNK,MS,2510,Fanny Jackson Coppin,0.212
EAST_PASSYUNK,MS,2580,"Kirkbride, Elizabeth B",0.031
EAST_POPLAR,ES,5480,"Kearny, General Philip",0.693
EAST_POPLAR,ES,5340,"Ludlow, James R",0.307
EAST_POPLAR,HS,2010,"Franklin, Benjamin HS",0.693
EAST_POPLAR,HS,5160,Penn Treaty HS,0.307
EAST_POPLAR,MS,5480,"Kearny, General Philip",0.693
EAST_POPLAR,MS,5340,"Ludlow, James R",0.307
ELMWOOD,ES,1400,"Patterson, John M",0.539
ELMWOOD,ES,1380,"Morton, Thomas G",0.46
ELMWOOD,HS,1010,"Bartram, John",1.0
ELMWOOD,MS,1130,"Tilden, William",1.0
FAIRHILL,ES,5680,"Munoz-Marin, Luis",0.361
FAIRHILL,ES,5170,"deBurgos, Julia",0.335
FAIRHILL,ES,5390,Potter-Thomas,0.297
FAIRHILL,HS,5020,"Edison, Thomas A",1.0
FAIRHILL,MS,5680,"Munoz-Marin, Luis",0.361
FAIRHILL,MS,5170,"deBurgos, Julia",0.335
FAIRHILL,MS,5390,Potter-Thomas,0.297
FAIRMOUNT,ES,2210,Bache / Martin,0.552
FAIRMOUNT,ES,2390,"Morris, Robert",0.448
FAIRMOUNT,HS,2010,"Franklin, Benjamin HS",0.552
FAIRMOUNT,HS,5180,Vaux Big Picture High School,0.448
FAIRMOUNT,MS,2210,Bache / Martin,0.552
FAIRMOUNT,MS,2390,"Morris, Robert",0.448
FELTONVILLE,ES,7200,"Barton, Clara",0.739
FELTONVILLE,ES,5490,Cayuga,0.138
FELTONVILLE,ES,7150,Juniata Park Academy,0.078
FELTONVILLE,ES,7380,"McClure, Alexander K",0.032
FELTONVILLE,HS,7060,Olney High School,0.752
FELTONVILLE,HS,5020,"Edison, Thomas A",0.169
FELTONVILLE,HS,7010,Frankford HS,0.078
FELTONVILLE,MS,7500,Feltonville School of Arts and Sciences,0.739
FELTONVILLE,MS,7730,"Clemente, Roberto",0.169
FELTONVILLE,MS,7150,Juniata Park Academy,0.078
FERN_ROCK,ES,7320,"Howe, Julia Ward",0.985
FERN_ROCK,HS,6060,"King, Martin Luther",0.991
FERN_ROCK,MS,7130,"Wagner, General Louis",0.991
FISHTOWN,ES,5200,"Adaire, Alexander",0.596
FISHTOWN,ES,5300,"Hackett, Horatio B",0.232
FISHTOWN,ES,5400,Richmond,0.153
FISHTOWN,HS,5160,Penn Treaty HS,0.827
FISHTOWN,HS,5700,Kensington Campus,0.153
FISHTOWN,MS,5200,"Adaire, Alexander",0.596
FISHTOWN,MS,5160,Penn Treaty HS,0.232
FISHTOWN,MS,3423,Memphis St Charter at JP Jones,0.153
FITLER_SQUARE,ES,2470,"Greenfield, Albert M",0.926
FITLER_SQUARE,ES,2480,Marian Anderson Neighborhood Academy,0.048
FITLER_SQUARE,ES,1390,"Powel, Samuel",0.026
FITLER_SQUARE,HS,2010,"Franklin, Benjamin HS",0.926
FITLER_SQUARE,HS,3417,Universal Institute Charter School at Audenried,0.048
FITLER_SQUARE,HS,1020,West Philadelphia HS,0.026
FITLER_SQUARE,MS,2470,"Greenfield, Albert M",0.926
FITLER_SQUARE,MS,2480,Marian Anderson Neighborhood Academy,0.048
FITLER_SQUARE,MS,2050,Science Leadership Academy Middle School,0.026
FOX_CHASE,ES,8260,Fox Chase,0.607
FOX_CHASE,ES,8230,"Crossan, Kennedy C",0.192
FOX_CHASE,ES,8430,"Greenberg, Joseph",0.172
FOX_CHASE,ES,8360,Rhawnhurst,0.03
FOX_CHASE,HS,8030,"Washington, George",0.778
FOX_CHASE,HS,8020,Northeast High,0.222
FOX_CHASE,MS,8160,"Baldi, CCA",0.607
FOX_CHASE,MS,8120,Castor Gardens,0.221
FOX_CHASE,MS,8430,"Greenberg, Joseph",0.172
FRANCISVILLE,ES,2490,"Waring, Laura W",0.425
FRANCISVILLE,ES,2210,Bache / Martin,0.425
FRANCISVILLE,ES,4570,"Meade, General George G",0.144
FRANCISVILLE,HS,2010,"Franklin, Benjamin HS",0.856
FRANCISVILLE,HS,5180,Vaux Big Picture High School,0.144
FRANCISVILLE,MS,2490,"Waring, Laura W",0.425
FRANCISVILLE,MS,2210,Bache / Martin,0.425
FRANCISVILLE,MS,4570,"Meade, General George G",0.144
FRANKFORD,ES,7290,"Stearne, Allen M",0.39
FRANKFORD,ES,3409,Mastery Charter School at Smedley,0.204
FRANKFORD,ES,7360,"Marshall, John",0.183
FRANKFORD,ES,7430,"Sullivan, James J",0.118
FRANKFORD,ES,3422,Phila Charter for Arts at HR Edmunds,0.103
FRANKFORD,HS,7010,Frankford HS,0.999
FRANKFORD,MS,7110,"Harding, Warren G",0.505
FRANKFORD,MS,7290,"Stearne, Allen M",0.39
FRANKFORD,MS,3422,Phila Charter for Arts at HR Edmunds,0.103
FRANKLINVILLE,ES,7510,"Bethune, Mary Mc Leod",0.589
FRANKLINVILLE,ES,7440,"Taylor, Bayard",0.324
FRANKLINVILLE,ES,3415,Mastery Charter School at Clymer,0.064
FRANKLINVILLE,ES,5390,Potter-Thomas,0.022
FRANKLINVILLE,HS,3416,Mastery Charter School at Gratz,0.654
FRANKLINVILLE,HS,5020,"Edison, Thomas A",0.346
FRANKLINVILLE,MS,7510,"Bethune, Mary Mc Leod",0.589
FRANKLINVILLE,MS,7730,"Clemente, Roberto",0.324
FRANKLINVILLE,MS,3416,Mastery Charter School at Gratz,0.064
FRANKLINVILLE,MS,5390,Potter-Thomas,0.022
FRANKLIN_MILLS,ES,8420,"Decatur, Stephen",0.988
FRANKLIN_MILLS,HS,8030,"Washington, George",0.989
FRANKLIN_MILLS,MS,8420,"Decatur, Stephen",0.988
GARDEN_COURT,ES,1340,"Lea, Henry C",0.569
GARDEN_COURT,ES,3428,Global Leadership Academy Charter School at Huey,0.333
GARDEN_COURT,ES,1280,Penn Alexander,0.098
GARDEN_COURT,HS,1020,West Philadelphia HS,0.667
GARDEN_COURT,HS,1100,"Sayre, William",0.333
GARDEN_COURT,MS,1340,"Lea, Henry C",0.569
GARDEN_COURT,MS,3428,Global Leadership Academy Charter School at Huey,0.333
GARDEN_COURT,MS,1280,Penn Alexander,0.098
GERMANTOWN_EAST,ES,3426,Mastery Charter School at Pastorius,0.397
GERMANTOWN_EAST,ES,6200,"Day, Anna Blakiston",0.299
GERMANTOWN_EAST,ES,3427,Mastery Charter School at Wister,0.218
GERMANTOWN_EAST,ES,6360,"Roosevelt, Theodore",0.086
GERMANTOWN_EAST,HS,6060,"King, Martin Luther",1.0
GERMANTOWN_EAST,MS,3426,Mastery Charter School at Pastorius,0.397
GERMANTOWN_EAST,MS,6360,"Roosevelt, Theodore",0.304
GERMANTOWN_EAST,MS,6200,"Day, Anna Blakiston",0.299
GERMANTOWN_MORTON,ES,6360,"Roosevelt, Theodore",0.995
GERMANTOWN_MORTON,HS,6060,"King, Martin Luther",0.997
GERMANTOWN_MORTON,MS,6360,"Roosevelt, Theodore",0.997
GERMANTOWN_PENN_KNOX,ES,6470,"Kelly, John B",0.993
GERMANTOWN_PENN_KNOX,HS,6060,"King, Martin Luther",0.998
GERMANTOWN_PENN_KNOX,MS,6360,"Roosevelt, Theodore",0.998
GERMANTOWN_SOUTHWEST,ES,6470,"Kelly, John B",0.998
GERMANTOWN_SOUTHWEST,HS,6060,"King, Martin Luther",1.0
GERMANTOWN_SOUTHWEST,MS,6360,"Roosevelt, Theodore",1.0
GERMANTOWN_WESTSIDE,ES,6470,"Kelly, John B",0.994
GERMANTOWN_WESTSIDE,HS,6060,"King, Martin Luther",0.994
GERMANTOWN_WESTSIDE,MS,6360,"Roosevelt, Theodore",0.994
GERMANTOWN_WEST_CENT,ES,6440,"Lingelbach, Anna L",0.999
GERMANTOWN_WEST_CENT,HS,6030,Roxborough High School,0.999
GERMANTOWN_WEST_CENT,MS,6440,"Lingelbach, Anna L",0.999
GERMANY_HILL,ES,6380,Shawmont,0.54
GERMANY_HILL,ES,6450,"Dobson, James",0.456
GERMANY_HILL,HS,6030,Roxborough High School,0.996
GERMANY_HILL,MS,6380,Shawmont,0.54
GERMANY_HILL,MS,6450,"Dobson, James",0.456
GIRARD_ESTATES,ES,2240,"Bregy, F Amedee",0.666
GIRARD_ESTATES,ES,2320,"Girard, Stephen",0.333
GIRARD_ESTATES,HS,2000,South Philadelphia HS,0.667
GIRARD_ESTATES,HS,3417,Universal Institute Charter School at Audenried,0.333
GIRARD_ESTATES,MS,2240,"Bregy, F Amedee",0.666
GIRARD_ESTATES,MS,3418,"Universal Institute Charter School at Vare, EH",0.333
GLENWOOD,ES,4380,"Peirce, Thomas M",0.569
GLENWOOD,ES,4360,Kenderton,0.364
GLENWOOD,ES,4460,"Duckrey, Tanner",0.064
GLENWOOD,HS,4140,Strawberry Mansion HS,0.569
GLENWOOD,HS,3416,Mastery Charter School at Gratz,0.431
GLENWOOD,MS,4350,"Rhodes, E Washington",0.569
GLENWOOD,MS,4360,Kenderton,0.364
GLENWOOD,MS,4460,"Duckrey, Tanner",0.064
GRADUATE_HOSPITAL,ES,2480,Marian Anderson Neighborhood Academy,0.576
GRADUATE_HOSPITAL,ES,2450,"Stanton, Edwin M",0.289
GRADUATE_HOSPITAL,ES,2470,"Greenfield, Albert M",0.093
GRADUATE_HOSPITAL,ES,3424,Universal Institute Charter School at Alcorn,0.038
GRADUATE_HOSPITAL,HS,3417,Universal Institute Charter School at Audenried,0.613
GRADUATE_HOSPITAL,HS,2000,South Philadelphia HS,0.289
GRADUATE_HOSPITAL,HS,2010,"Franklin, Benjamin HS",0.093
GRADUATE_HOSPITAL,MS,2480,Marian Anderson Neighborhood Academy,0.576
GRADUATE_HOSPITAL,MS,2450,"Stanton, Edwin M",0.289
GRADUATE_HOSPITAL,MS,2470,"Greenfield, Albert M",0.093
GRADUATE_HOSPITAL,MS,3424,Universal Institute Charter School at Alcorn,0.038
GRAYS_FERRY,ES,3424,Universal Institute Charter School at Alcorn,0.796
GRAYS_FERRY,ES,2370,"McDaniel, Delaplaine",0.106
GRAYS_FERRY,ES,2320,"Girard, Stephen",0.095
GRAYS_FERRY,HS,3417,Universal Institute Charter School at Audenried,0.892
GRAYS_FERRY,HS,2000,South Philadelphia HS,0.106
GRAYS_FERRY,MS,3424,Universal Institute Charter School at Alcorn,0.796
GRAYS_FERRY,MS,2370,"McDaniel, Delaplaine",0.106
GRAYS_FERRY,MS,3418,"Universal Institute Charter School at Vare, EH",0.095
GREENWICH,ES,2640,Southwark,0.597
GREENWICH,ES,2720,Vare-Washington ES,0.202
GREENWICH,ES,2690,"Taggart, John H",0.101
GREENWICH,ES,2630,"Sharswood, George",0.101
GREENWICH,HS,2000,South Philadelphia HS,0.597
GREENWICH,HS,2160,"Furness, Horace",0.403
GREENWICH,MS,2640,Southwark,0.597
GREENWICH,MS,2720,Vare-Washington ES,0.202
GREENWICH,MS,2690,"Taggart, John H",0.101
GREENWICH,MS,2630,"Sharswood, George",0.101
HADDINGTON,ES,4520,"Bluford, Guion",0.484
HADDINGTON,ES,1200,"Barry, Commodore John",0.386
HADDINGTON,ES,4240,"Cassidy, Lewis C",0.073
HADDINGTON,ES,1410,"Rhoads, James",0.029
HADDINGTON,ES,1470,"Locke, Alain",0.028
HADDINGTON,HS,4020,Overbrook High,0.585
HADDINGTON,HS,1100,"Sayre, William",0.387
HADDINGTON,HS,1020,West Philadelphia HS,0.028
HADDINGTON,MS,4520,"Bluford, Guion",0.484
HADDINGTON,MS,1200,"Barry, Commodore John",0.386
HADDINGTON,MS,4240,"Cassidy, Lewis C",0.073
HADDINGTON,MS,1410,"Rhoads, James",0.029
HADDINGTON,MS,1470,"Locke, Alain",0.028
HARROWGATE,ES,5590,"Webster, John H",0.832
HARROWGATE,ES,5530,"Sheridan, Philip H",0.165
HARROWGATE,HS,5700,Kensington Campus,0.997
HARROWGATE,MS,3423,Memphis St Charter at JP Jones,0.997
HARTRANFT,ES,5320,"Hartranft, John F",0.296
HARTRANFT,ES,3415,Mastery Charter School at Clymer,0.259
HARTRANFT,ES,5250,"Dunbar, Paul Laurence",0.198
HARTRANFT,ES,5390,Potter-Thomas,0.108
HARTRANFT,ES,5350,"McKinley, William",0.104
HARTRANFT,ES,5170,"deBurgos, Julia",0.025
HARTRANFT,HS,5700,Kensington Campus,0.399
HARTRANFT,HS,3416,Mastery Charter School at Gratz,0.269
HARTRANFT,HS,2010,"Franklin, Benjamin HS",0.198
HARTRANFT,HS,5020,"Edison, Thomas A",0.133
HARTRANFT,MS,5320,"Hartranft, John F",0.296
HARTRANFT,MS,3416,Mastery Charter School at Gratz,0.259
HARTRANFT,MS,5250,"Dunbar, Paul Laurence",0.198
HARTRANFT,MS,5390,Potter-Thomas,0.108
HARTRANFT,MS,5350,"McKinley, William",0.104
HARTRANFT,MS,5170,"deBurgos, Julia",0.025
HAVERFORD_NORTH,ES,1470,"Locke, Alain",0.576
HAVERFORD_NORTH,ES,1420,"Washington, Martha",0.422
HAVERFORD_NORTH,HS,1020,West Philadelphia HS,1.0
HAVERFORD_NORTH,MS,1470,"Locke, Alain",0.576
HAVERFORD_NORTH,MS,1420,"Washington, Martha",0.422
HAWTHORNE,ES,2510,Fanny Jackson Coppin,0.976
HAWTHORNE,ES,2450,"Stanton, Edwin M",0.021
HAWTHORNE,HS,2160,"Furness, Horace",0.976
HAWTHORNE,HS,2000,South Philadelphia HS,0.021
HAWTHORNE,MS,2510,Fanny Jackson Coppin,0.976
HAWTHORNE,MS,2450,"Stanton, Edwin M",0.021
HOLMESBURG,ES,8210,"Brown, Joseph H",0.64
HOLMESBURG,ES,8250,"Forrest, Edwin",0.28
HOLMESBURG,ES,8130,Northeast Community Propel Academy,0.044
HOLMESBURG,ES,8270,"Holme, Thomas",0.028
HOLMESBURG,HS,8010,"Lincoln, Abraham",0.992
HOLMESBURG,MS,8210,"Brown, Joseph H",0.64
HOLMESBURG,MS,8130,Northeast Community Propel Academy,0.324
HOLMESBURG,MS,8270,"Holme, Thomas",0.028
HUNTING_PARK,ES,7380,"McClure, Alexander K",0.244
HUNTING_PARK,ES,7200,"Barton, Clara",0.208
HUNTING_PARK,ES,7150,Juniata Park Academy,0.141
HUNTING_PARK,ES,5490,Cayuga,0.118
HUNTING_PARK,ES,7510,"Bethune, Mary Mc Leod",0.108
HUNTING_PARK,ES,7440,"Taylor, Bayard",0.108
HUNTING_PARK,ES,5530,"Sheridan, Philip H",0.066
HUNTING_PARK,HS,5020,"Edison, Thomas A",0.47
HUNTING_PARK,HS,7060,Olney High School,0.214
HUNTING_PARK,HS,7010,Frankford HS,0.141
HUNTING_PARK,HS,3416,Mastery Charter School at Gratz,0.11
HUNTING_PARK,HS,5700,Kensington Campus,0.066
HUNTING_PARK,MS,7730,"Clemente, Roberto",0.47
HUNTING_PARK,MS,7500,Feltonville School of Arts and Sciences,0.208
HUNTING_PARK,MS,7150,Juniata Park Academy,0.141
HUNTING_PARK,MS,7510,"Bethune, Mary Mc Leod",0.108
HUNTING_PARK,MS,3423,Memphis St Charter at JP Jones,0.066
INDUSTRIAL,ES,2240,"Bregy, F Amedee",0.426
INDUSTRIAL,ES,1400,"Patterson, John M",0.324
INDUSTRIAL,ES,3424,Universal Institute Charter School at Alcorn,0.147
INDUSTRIAL,ES,1380,"Morton, Thomas G",0.102
INDUSTRIAL,HS,1010,"Bartram, John",0.427
INDUSTRIAL,HS,2000,South Philadelphia HS,0.426
INDUSTRIAL,HS,3417,Universal Institute Charter School at Audenried,0.148
INDUSTRIAL,MS,1130,"Tilden, William",0.426
INDUSTRIAL,MS,2240,"Bregy, F Amedee",0.426
INDUSTRIAL,MS,3424,Universal Institute Charter School at Alcorn,0.147
JUNIATA_PARK,ES,7150,Juniata Park Academy,0.444
JUNIATA_PARK,ES,7300,"Hopkinson, Francis",0.207
JUNIATA_PARK,ES,7200,"Barton, Clara",0.136
JUNIATA_PARK,ES,5590,"Webster, John H",0.106
JUNIATA_PARK,ES,5530,"Sheridan, Philip H",0.104
JUNIATA_PARK,HS,7010,Frankford HS,0.653
JUNIATA_PARK,HS,5700,Kensington Campus,0.21
JUNIATA_PARK,HS,7060,Olney High School,0.136
JUNIATA_PARK,MS,7150,Juniata Park Academy,0.444
JUNIATA_PARK,MS,3423,Memphis St Charter at JP Jones,0.21
JUNIATA_PARK,MS,7300,"Hopkinson, Francis",0.207
JUNIATA_PARK,MS,7500,Feltonville School of Arts and Sciences,0.136
KINGSESSING,ES,1350,"Longstreth, William",0.254
KINGSESSING,ES,1300,"Harrington, Avery",0.211
KINGSESSING,ES,1460,"Anderson, Add B",0.145
KINGSESSING,ES,1250,"Catharine, Joseph",0.143
KINGSESSING,ES,1370,"Mitchell, Weir",0.133
KINGSESSING,ES,1260,"Comegys, Benjamin B",0.079
KINGSESSING,ES,3407,Mastery Charter School at Harrity,0.032
KINGSESSING,HS,1010,"Bartram, John",0.61
KINGSESSING,HS,1100,"Sayre, William",0.389
KINGSESSING,MS,1350,"Longstreth, William",0.254
KINGSESSING,MS,1300,"Harrington, Avery",0.211
KINGSESSING,MS,1460,"Anderson, Add B",0.145
KINGSESSING,MS,1130,"Tilden, William",0.143
KINGSESSING,MS,1370,"Mitchell, Weir",0.133
KINGSESSING,MS,1260,"Comegys, Benjamin B",0.079
KINGSESSING,MS,3407,Mastery Charter School at Harrity,0.032
LAWNDALE,ES,8310,"Moore, J Hampton",0.353
LAWNDALE,ES,3421,Universal Institute Charter School at Creighton,0.331
LAWNDALE,ES,7280,"Franklin, Benjamin ES",0.305
LAWNDALE,HS,7120,"Fels, Samuel",0.637
LAWNDALE,HS,8020,Northeast High,0.353
LAWNDALE,MS,8120,Castor Gardens,0.353
LAWNDALE,MS,3421,Universal Institute Charter School at Creighton,0.331
LAWNDALE,MS,7280,"Franklin, Benjamin ES",0.305
LEXINGTON_PARK,ES,8130,Northeast Community Propel Academy,0.977
LEXINGTON_PARK,HS,8010,"Lincoln, Abraham",0.977
LEXINGTON_PARK,HS,8020,Northeast High,0.023
LEXINGTON_PARK,MS,8130,Northeast Community Propel Academy,0.977
LOGAN,ES,6300,"Logan, James",0.33
LOGAN,ES,7100,"Cooke, Jay",0.19
LOGAN,ES,3419,American Paradigm Charter School at Birney,0.173
LOGAN,ES,6340,"Pennell, Joseph",0.123
LOGAN,ES,6390,"Steel, Edward",0.098
LOGAN,ES,3427,Mastery Charter School at Wister,0.045
LOGAN,ES,7320,"Howe, Julia Ward",0.038
LOGAN,HS,6060,"King, Martin Luther",0.537
LOGAN,HS,7060,Olney High School,0.363
LOGAN,HS,3416,Mastery Charter School at Gratz,0.098
LOGAN,MS,6360,"Roosevelt, Theodore",0.376
LOGAN,MS,7100,"Cooke, Jay",0.19
LOGAN,MS,3419,American Paradigm Charter School at Birney,0.173
LOGAN,MS,7130,"Wagner, General Louis",0.161
LOGAN,MS,6390,"Steel, Edward",0.098
LOGAN_SQUARE,ES,2470,"Greenfield, Albert M",0.498
LOGAN_SQUARE,ES,2490,"Waring, Laura W",0.467
LOGAN_SQUARE,ES,2210,Bache / Martin,0.03
LOGAN_SQUARE,HS,2010,"Franklin, Benjamin HS",0.995
LOGAN_SQUARE,MS,2470,"Greenfield, Albert M",0.498
LOGAN_SQUARE,MS,2490,"Waring, Laura W",0.467
LOGAN_SQUARE,MS,2210,Bache / Martin,0.03
LOWER_MOYAMENSING,ES,2520,"Jenks, Abram",0.362
LOWER_MOYAMENSING,ES,2540,"Key, Francis Scott",0.356
LOWER_MOYAMENSING,ES,2190,"Fell, D Newlin",0.242
LOWER_MOYAMENSING,ES,2690,"Taggart, John H",0.04
LOWER_MOYAMENSING,HS,2000,South Philadelphia HS,0.96
LOWER_MOYAMENSING,HS,2160,"Furness, Horace",0.04
LOWER_MOYAMENSING,MS,2190,"Fell, D Newlin",0.604
LOWER_MOYAMENSING,MS,2640,Southwark,0.356
LOWER_MOYAMENSING,MS,2690,"Taggart, John H",0.04
LUDLOW,ES,5340,"Ludlow, James R",0.878
LUDLOW,ES,5250,"Dunbar, Paul Laurence",0.122
LUDLOW,HS,5160,Penn Treaty HS,0.878
LUDLOW,HS,2010,"Franklin, Benjamin HS",0.122
LUDLOW,MS,5340,"Ludlow, James R",0.878
LUDLOW,MS,5250,"Dunbar, Paul Laurence",0.122
MANAYUNK,ES,6450,"Dobson, James",0.762
MANAYUNK,ES,6410,Cook-Wissahickon,0.235
MANAYUNK,HS,6030,Roxborough High School,0.997
MANAYUNK,MS,6450,"Dobson, James",0.762
MANAYUNK,MS,6410,Cook-Wissahickon,0.235
MANTUA,ES,1360,"McMichael, Morton",0.768
MANTUA,ES,3368,Belmont Elementary Charter School,0.116
MANTUA,ES,1390,"Powel, Samuel",0.076
MANTUA,ES,1490,"Blankenburg, Rudolph",0.03
MANTUA,HS,1020,West Philadelphia HS,0.96
MANTUA,HS,4020,Overbrook High,0.03
MANTUA,MS,1360,"McMichael, Morton",0.768
MANTUA,MS,3368,Belmont Elementary Charter School,0.116
MANTUA,MS,2050,Science Leadership Academy Middle School,0.076
MANTUA,MS,1490,"Blankenburg, Rudolph",0.03
MAYFAIR,ES,8130,Northeast Community Propel Academy,0.287
MAYFAIR,ES,8200,"Allen, Ethan",0.248
MAYFAIR,ES,8300,Mayfair,0.239
MAYFAIR,ES,7460,"Ziegler, William H",0.133
MAYFAIR,ES,3422,Phila Charter for Arts at HR Edmunds,0.081
MAYFAIR,HS,8010,"Lincoln, Abraham",0.773
MAYFAIR,HS,7010,Frankford HS,0.214
MAYFAIR,MS,8130,Northeast Community Propel Academy,0.287
MAYFAIR,MS,8200,"Allen, Ethan",0.248
MAYFAIR,MS,8300,Mayfair,0.239
MAYFAIR,MS,7460,"Ziegler, William H",0.133
MAYFAIR,MS,3422,Phila Charter for Arts at HR Edmunds,0.081
MCGUIRE,ES,5410,"Sheppard, Isaac",0.628
MCGUIRE,ES,5170,"deBurgos, Julia",0.324
MCGUIRE,ES,5390,Potter-Thomas,0.035
MCGUIRE,HS,5020,"Edison, Thomas A",1.0
MCGUIRE,MS,5170,"deBurgos, Julia",0.952
MCGUIRE,MS,5390,Potter-Thomas,0.035
MECHANICSVILLE,ES,8420,"Decatur, Stephen",0.928
MECHANICSVILLE,HS,8030,"Washington, George",0.928
MECHANICSVILLE,MS,8420,"Decatur, Stephen",0.928
MELROSE_PARK_GARDENS,ES,7270,"Finletter, Thomas K",0.995
MELROSE_PARK_GARDENS,HS,7120,"Fels, Samuel",1.0
MELROSE_PARK_GARDENS,MS,7270,"Finletter, Thomas K",0.995
MILLBROOK,ES,8390,"Fitzpatrick, Aloysius L",0.99
MILLBROOK,HS,8030,"Washington, George",0.993
MILLBROOK,MS,8390,"Fitzpatrick, Aloysius L",0.99
MILL_CREEK,ES,1410,"Rhoads, James",0.536
MILL_CREEK,ES,1470,"Locke, Alain",0.251
MILL_CREEK,ES,1420,"Washington, Martha",0.13
MILL_CREEK,ES,1490,"Blankenburg, Rudolph",0.082
MILL_CREEK,HS,4020,Overbrook High,0.618
MILL_CREEK,HS,1020,West Philadelphia HS,0.382
MILL_CREEK,MS,1410,"Rhoads, James",0.536
MILL_CREEK,MS,1470,"Locke, Alain",0.251
MILL_CREEK,MS,1420,"Washington, Martha",0.13
MILL_CREEK,MS,1490,"Blankenburg, Rudolph",0.082
MODENA,ES,8390,"Fitzpatrick, Aloysius L",0.994
MODENA,HS,8030,"Washington, George",1.0
MODENA,MS,8390,"Fitzpatrick, Aloysius L",0.994
MORRELL_PARK,ES,8770,Hancock-LaBrum,0.817
MORRELL_PARK,ES,8390,"Fitzpatrick, Aloysius L",0.183
MORRELL_PARK,HS,8030,"Washington, George",1.0
MORRELL_PARK,MS,8770,Hancock-LaBrum,0.817
MORRELL_PARK,MS,8390,"Fitzpatrick, Aloysius L",0.183
MOUNT_AIRY_EAST,ES,6260,"Houston, Henry E",0.412
MOUNT_AIRY_EAST,ES,6220,"Emlen, Eleanor C",0.345
MOUNT_AIRY_EAST,ES,6200,"Day, Anna Blakiston",0.24
MOUNT_AIRY_EAST,HS,6060,"King, Martin Luther",0.586
MOUNT_AIRY_EAST,HS,6030,Roxborough High School,0.414
MOUNT_AIRY_EAST,MS,6260,"Houston, Henry E",0.412
MOUNT_AIRY_EAST,MS,6360,"Roosevelt, Theodore",0.345
MOUNT_AIRY_EAST,MS,6200,"Day, Anna Blakiston",0.24
MOUNT_AIRY_WEST,ES,6250,"Henry, Charles W",0.572
MOUNT_AIRY_WEST,ES,6260,"Houston, Henry E",0.304
MOUNT_AIRY_WEST,ES,6440,"Lingelbach, Anna L",0.123
MOUNT_AIRY_WEST,HS,6030,Roxborough High School,1.0
MOUNT_AIRY_WEST,MS,6250,"Henry, Charles W",0.572
MOUNT_AIRY_WEST,MS,6260,"Houston, Henry E",0.304
MOUNT_AIRY_WEST,MS,6440,"Lingelbach, Anna L",0.123
NAVY_YARD,ES,2240,"Bregy, F Amedee",0.398
NAVY_YARD,ES,2690,"Taggart, John H",0.367
NAVY_YARD,ES,2190,"Fell, D Newlin",0.223
NAVY_YARD,HS,2000,South Philadelphia HS,0.62
NAVY_YARD,HS,2160,"Furness, Horace",0.367
NAVY_YARD,MS,2240,"Bregy, F Amedee",0.398
NAVY_YARD,MS,2690,"Taggart, John H",0.367
NAVY_YARD,MS,2190,"Fell, D Newlin",0.223
NEWBOLD,ES,2320,"Girard, Stephen",0.712
NEWBOLD,ES,2260,"Childs, George W",0.282
NEWBOLD,HS,3417,Universal Institute Charter School at Audenried,0.712
NEWBOLD,HS,2000,South Philadelphia HS,0.284
NEWBOLD,MS,3418,"Universal Institute Charter School at Vare, EH",0.712
NEWBOLD,MS,2260,"Childs, George W",0.282
NICETOWN,ES,6390,"Steel, Edward",0.804
NICETOWN,ES,3420,Mastery Charter School at Cleveland,0.196
NICETOWN,HS,3416,Mastery Charter School at Gratz,0.999
NICETOWN,MS,6390,"Steel, Edward",0.804
NICETOWN,MS,3420,Mastery Charter School at Cleveland,0.196
NORMANDY_VILLAGE,ES,8370,"Comly, Watson",0.987
NORMANDY_VILLAGE,HS,8030,"Washington, George",1.0
NORMANDY_VILLAGE,MS,8160,"Baldi, CCA",0.987
NORTHEAST_AIRPORT,ES,8390,"Fitzpatrick, Aloysius L",0.979
NORTHEAST_AIRPORT,HS,8030,"Washington, George",1.0
NORTHEAST_AIRPORT,MS,8390,"Fitzpatrick, Aloysius L",0.979
NORTHEAST_AIRPORT,MS,8160,"Baldi, CCA",0.021
NORTHERN_LIBERTIES,ES,5480,"Kearny, General Philip",0.479
NORTHERN_LIBERTIES,ES,5200,"Adaire, Alexander",0.272
NORTHERN_LIBERTIES,ES,5340,"Ludlow, James R",0.201
NORTHERN_LIBERTIES,ES,2340,"McCall, General George A",0.026
NORTHERN_LIBERTIES,HS,2010,"Franklin, Benjamin HS",0.506
NORTHERN_LIBERTIES,HS,5160,Penn Treaty HS,0.474
NORTHERN_LIBERTIES,MS,5480,"Kearny, General Philip",0.479
NORTHERN_LIBERTIES,MS,5200,"Adaire, Alexander",0.272
NORTHERN_LIBERTIES,MS,5340,"Ludlow, James R",0.201
NORTHERN_LIBERTIES,MS,2340,"McCall, General George A",0.026
NORTHWOOD,ES,7360,"Marshall, John",0.516
NORTHWOOD,ES,3422,Phila Charter for Arts at HR Edmunds,0.299
NORTHWOOD,ES,3421,Universal Institute Charter School at Creighton,0.175
NORTHWOOD,HS,7010,Frankford HS,0.816
NORTHWOOD,HS,7120,"Fels, Samuel",0.183
NORTHWOOD,MS,7110,"Harding, Warren G",0.524
NORTHWOOD,MS,3422,Phila Charter for Arts at HR Edmunds,0.299
NORTHWOOD,MS,3421,Universal Institute Charter School at Creighton,0.175
NORTH_CENTRAL,ES,4570,"Meade, General George G",0.467
NORTH_CENTRAL,ES,3412,Mastery Charter School at Frederick Douglass,0.403
NORTH_CENTRAL,ES,4460,"Duckrey, Tanner",0.051
NORTH_CENTRAL,ES,4270,"Dick, William",0.051
NORTH_CENTRAL,ES,4560,"Kelley, William D",0.023
NORTH_CENTRAL,HS,4140,Strawberry Mansion HS,0.476
NORTH_CENTRAL,HS,5180,Vaux Big Picture High School,0.467
NORTH_CENTRAL,HS,3416,Mastery Charter School at Gratz,0.051
NORTH_CENTRAL,MS,4570,"Meade, General George G",0.467
NORTH_CENTRAL,MS,3412,Mastery Charter School at Frederick Douglass,0.403
NORTH_CENTRAL,MS,4460,"Duckrey, Tanner",0.051
NORTH_CENTRAL,MS,4270,"Dick, William",0.051
NORTH_CENTRAL,MS,4560,"Kelley, William D",0.023
OGONTZ,ES,6340,"Pennell, Joseph",0.491
OGONTZ,ES,7490,Prince Hall,0.196
OGONTZ,ES,7320,"Howe, Julia Ward",0.16
OGONTZ,ES,3426,Mastery Charter School at Pastorius,0.153
OGONTZ,HS,6060,"King, Martin Luther",1.0
OGONTZ,MS,7130,"Wagner, General Louis",0.847
OGONTZ,MS,3426,Mastery Charter School at Pastorius,0.153
OLD_CITY,ES,2340,"McCall, General George A",0.998
OLD_CITY,HS,2010,"Franklin, Benjamin HS",1.0
OLD_CITY,MS,2340,"McCall, General George A",0.998
OLD_KENSINGTON,ES,5370,"Moffet, John",0.681
OLD_KENSINGTON,ES,5340,"Ludlow, James R",0.319
OLD_KENSINGTON,HS,5160,Penn Treaty HS,1.0
OLD_KENSINGTON,MS,5160,Penn Treaty HS,0.681
OLD_KENSINGTON,MS,5340,"Ludlow, James R",0.319
OLNEY,ES,7350,"Lowell, James R",0.357
OLNEY,ES,7400,Olney Elementary,0.234
OLNEY,ES,7390,"Morrison, Andrew J",0.134
OLNEY,ES,5500,"Marshall, Thurgood",0.13
OLNEY,ES,7270,"Finletter, Thomas K",0.096
OLNEY,ES,3419,American Paradigm Charter School at Birney,0.036
OLNEY,HS,7060,Olney High School,0.544
OLNEY,HS,7120,"Fels, Samuel",0.454
OLNEY,MS,7370,"Washington Jr, Grover",0.357
OLNEY,MS,7400,Olney Elementary,0.234
OLNEY,MS,7390,"Morrison, Andrew J",0.134
OLNEY,MS,5500,"Marshall, Thurgood",0.13
OLNEY,MS,7270,"Finletter, Thomas K",0.096
OLNEY,MS,3419,American Paradigm Charter School at Birney,0.036
OVERBROOK,ES,4320,"Lamberton, Robert E",0.349
OVERBROOK,ES,4240,"Cassidy, Lewis C",0.227
OVERBROOK,ES,4370,Overbrook Elementary,0.183
OVERBROOK,ES,4280,"Gompers, Samuel",0.159
OVERBROOK,ES,4520,"Bluford, Guion",0.061
OVERBROOK,HS,4020,Overbrook High,0.998
OVERBROOK,MS,4320,"Lamberton, Robert E",0.349
OVERBROOK,MS,4240,"Cassidy, Lewis C",0.227
OVERBROOK,MS,4370,Overbrook Elementary,0.183
OVERBROOK,MS,4280,"Gompers, Samuel",0.159
OVERBROOK,MS,4520,"Bluford, Guion",0.061
OXFORD_CIRCLE,ES,8310,"Moore, J Hampton",0.315
OXFORD_CIRCLE,ES,7220,"Carnell, Laura H",0.212
OXFORD_CIRCLE,ES,8340,"Solis-Cohen, Solomon",0.206
OXFORD_CIRCLE,ES,8350,"Spruance, Gilbert",0.205
OXFORD_CIRCLE,ES,8230,"Crossan, Kennedy C",0.061
OXFORD_CIRCLE,HS,8020,Northeast High,0.788
OXFORD_CIRCLE,HS,7120,"Fels, Samuel",0.212
OXFORD_CIRCLE,MS,8120,Castor Gardens,0.583
OXFORD_CIRCLE,MS,7110,"Harding, Warren G",0.212
OXFORD_CIRCLE,MS,8350,"Spruance, Gilbert",0.205
PACKER_PARK,ES,2240,"Bregy, F Amedee",0.999
PACKER_PARK,HS,2000,South Philadelphia HS,1.0
PACKER_PARK,MS,2240,"Bregy, F Amedee",0.999
PARKWOOD_MANOR,ES,8420,"Decatur, Stephen",0.885
PARKWOOD_MANOR,ES,8390,"Fitzpatrick, Aloysius L",0.107
PARKWOOD_MANOR,HS,8030,"Washington, George",0.992
PARKWOOD_MANOR,MS,8420,"Decatur, Stephen",0.885
PARKWOOD_MANOR,MS,8390,"Fitzpatrick, Aloysius L",0.107
PASCHALL,ES,1250,"Catharine, Joseph",0.577
PASCHALL,ES,1400,"Patterson, John M",0.159
PASCHALL,ES,1380,"Morton, Thomas G",0.156
PASCHALL,ES,1370,"Mitchell, Weir",0.105
PASCHALL,HS,1010,"Bartram, John",0.998
PASCHALL,MS,1130,"Tilden, William",0.892
PASCHALL,MS,1370,"Mitchell, Weir",0.105
PASSYUNK_SQUARE,ES,2510,Fanny Jackson Coppin,0.65
PASSYUNK_SQUARE,ES,2580,"Kirkbride, Elizabeth B",0.224
PASSYUNK_SQUARE,ES,2720,Vare-Washington ES,0.118
PASSYUNK_SQUARE,HS,2160,"Furness, Horace",0.992
PASSYUNK_SQUARE,MS,2510,Fanny Jackson Coppin,0.65
PASSYUNK_SQUARE,MS,2580,"Kirkbride, Elizabeth B",0.224
PASSYUNK_SQUARE,MS,2720,Vare-Washington ES,0.118
PENNSPORT,ES,2720,Vare-Washington ES,0.791
PENNSPORT,ES,2630,"Sharswood, George",0.209
PENNSPORT,HS,2160,"Furness, Horace",1.0
PENNSPORT,MS,2720,Vare-Washington ES,0.791
PENNSPORT,MS,2630,"Sharswood, George",0.209
PENNYPACK,ES,8410,"Pollock, Robert B",0.979
PENNYPACK,ES,8400,"Frank, Anne",0.02
PENNYPACK,HS,8010,"Lincoln, Abraham",0.979
PENNYPACK,HS,8030,"Washington, George",0.021
PENNYPACK,MS,8410,"Pollock, Robert B",0.979
PENNYPACK,MS,8160,"Baldi, CCA",0.02
PENNYPACK_PARK,ES,8400,"Frank, Anne",0.19
PENNYPACK_PARK,ES,8410,"Pollock, Robert B",0.172
PENNYPACK_PARK,ES,8430,"Greenberg, Joseph",0.169
PENNYPACK_PARK,ES,8260,Fox Chase,0.158
PENNYPACK_PARK,ES,8130,Northeast Community Propel Academy,0.14
PENNYPACK_PARK,ES,8380,"Farrell, Louis H",0.105
PENNYPACK_PARK,ES,8210,"Brown, Joseph H",0.047
PENNYPACK_PARK,HS,8030,"Washington, George",0.517
PENNYPACK_PARK,HS,8010,"Lincoln, Abraham",0.377
PENNYPACK_PARK,HS,8020,Northeast High,0.106
PENNYPACK_PARK,MS,8160,"Baldi, CCA",0.348
PENNYPACK_PARK,MS,8410,"Pollock, Robert B",0.172
PENNYPACK_PARK,MS,8430,"Greenberg, Joseph",0.169
PENNYPACK_PARK,MS,8130,Northeast Community Propel Academy,0.14
PENNYPACK_PARK,MS,8380,"Farrell, Louis H",0.105
PENNYPACK_PARK,MS,8210,"Brown, Joseph H",0.047
PENNYPACK_WOODS,ES,8270,"Holme, Thomas",0.822
PENNYPACK_WOODS,ES,8410,"Pollock, Robert B",0.152
PENNYPACK_WOODS,ES,8210,"Brown, Joseph H",0.026
PENNYPACK_WOODS,HS,8010,"Lincoln, Abraham",1.0
PENNYPACK_WOODS,MS,8270,"Holme, Thomas",0.822
PENNYPACK_WOODS,MS,8410,"Pollock, Robert B",0.152
PENNYPACK_WOODS,MS,8210,"Brown, Joseph H",0.026
PENROSE,ES,1400,"Patterson, John M",1.0
PENROSE,HS,1010,"Bartram, John",1.0
PENROSE,MS,1130,"Tilden, William",1.0
POINT_BREEZE,ES,2260,"Childs, George W",0.372
POINT_BREEZE,ES,2450,"Stanton, Edwin M",0.345
POINT_BREEZE,ES,2370,"McDaniel, Delaplaine",0.282
POINT_BREEZE,HS,2000,South Philadelphia HS,0.999
POINT_BREEZE,MS,2260,"Childs, George W",0.372
POINT_BREEZE,MS,2450,"Stanton, Edwin M",0.345
POINT_BREEZE,MS,2370,"McDaniel, Delaplaine",0.282
PORT_RICHMOND,ES,5400,Richmond,0.986
PORT_RICHMOND,HS,5700,Kensington Campus,0.986
PORT_RICHMOND,MS,3423,Memphis St Charter at JP Jones,0.986
POWELTON,ES,1390,"Powel, Samuel",1.0
POWELTON,HS,1020,West Philadelphia HS,1.0
POWELTON,MS,2050,Science Leadership Academy Middle School,1.0
QUEEN_VILLAGE,ES,2380,"Meredith, William M",0.631
QUEEN_VILLAGE,ES,2590,"Nebinger, George W",0.368
QUEEN_VILLAGE,HS,2160,"Furness, Horace",1.0
QUEEN_VILLAGE,MS,2380,"Meredith, William M",0.631
QUEEN_VILLAGE,MS,2590,"Nebinger, George W",0.368
RHAWNHURST,ES,8360,Rhawnhurst,0.515
RHAWNHURST,ES,8380,"Farrell, Louis H",0.468
RHAWNHURST,HS,8020,Northeast High,0.983
RHAWNHURST,MS,8120,Castor Gardens,0.515
RHAWNHURST,MS,8380,"Farrell, Louis H",0.468
RICHMOND,ES,7470,Bridesburg,0.649
RICHMOND,ES,5400,Richmond,0.201
RICHMOND,ES,5440,"Willard, Frances",0.141
RICHMOND,HS,7010,Frankford HS,0.649
RICHMOND,HS,5700,Kensington Campus,0.341
RICHMOND,MS,7470,Bridesburg,0.649
RICHMOND,MS,3423,Memphis St Charter at JP Jones,0.341
RITTENHOUSE,ES,2470,"Greenfield, Albert M",1.0
RITTENHOUSE,HS,2010,"Franklin, Benjamin HS",1.0
RITTENHOUSE,MS,2470,"Greenfield, Albert M",1.0
RIVERFRONT,ES,2690,"Taggart, John H",0.438
RIVERFRONT,ES,2630,"Sharswood, George",0.187
RIVERFRONT,ES,2720,Vare-Washington ES,0.127
RIVERFRONT,ES,2340,"McCall, General George A",0.127
RIVERFRONT,ES,2380,"Meredith, William M",0.057
RIVERFRONT,ES,5480,"Kearny, General Philip",0.026
RIVERFRONT,ES,2590,"Nebinger, George W",0.02
RIVERFRONT,HS,2160,"Furness, Horace",0.83
RIVERFRONT,HS,2010,"Franklin, Benjamin HS",0.153
RIVERFRONT,MS,2690,"Taggart, John H",0.438
RIVERFRONT,MS,2630,"Sharswood, George",0.187
RIVERFRONT,MS,2720,Vare-Washington ES,0.127
RIVERFRONT,MS,2340,"McCall, General George A",0.127
RIVERFRONT,MS,2380,"Meredith, William M",0.057
RIVERFRONT,MS,5480,"Kearny, General Philip",0.026
RIVERFRONT,MS,2590,"Nebinger, George W",0.02
ROXBOROUGH,ES,6410,Cook-Wissahickon,0.504
ROXBOROUGH,ES,6450,"Dobson, James",0.303
ROXBOROUGH,ES,6380,Shawmont,0.193
ROXBOROUGH,HS,6030,Roxborough High School,1.0
ROXBOROUGH,MS,6410,Cook-Wissahickon,0.504
ROXBOROUGH,MS,6450,"Dobson, James",0.303
ROXBOROUGH,MS,6380,Shawmont,0.193
ROXBOROUGH_PARK,ES,6380,Shawmont,1.0
ROXBOROUGH_PARK,HS,6030,Roxborough High School,1.0
ROXBOROUGH_PARK,MS,6380,Shawmont,1.0
SHARSWOOD,ES,2210,Bache / Martin,0.388
SHARSWOOD,ES,2390,"Morris, Robert",0.349
SHARSWOOD,ES,4570,"Meade, General George G",0.175
SHARSWOOD,ES,4560,"Kelley, William D",0.088
SHARSWOOD,HS,5180,Vaux Big Picture High School,0.523
SHARSWOOD,HS,2010,"Franklin, Benjamin HS",0.388
SHARSWOOD,HS,4140,Strawberry Mansion HS,0.088
SHARSWOOD,MS,2210,Bache / Martin,0.388
SHARSWOOD,MS,2390,"Morris, Robert",0.349
SHARSWOOD,MS,4570,"Meade, General George G",0.175
SHARSWOOD,MS,4560,"Kelley, William D",0.088
SOCIETY_HILL,ES,2340,"McCall, General George A",0.994
SOCIETY_HILL,HS,2010,"Franklin, Benjamin HS",0.994
SOCIETY_HILL,MS,2340,"McCall, General George A",0.994
SOMERTON,ES,8370,"Comly, Watson",0.519
SOMERTON,ES,8440,"Loesche, William H",0.349
SOMERTON,ES,8400,"Frank, Anne",0.129
SOMERTON,HS,8030,"Washington, George",0.997
SOMERTON,MS,8160,"Baldi, CCA",0.997
SOUTHWEST_SCHUYLKILL,ES,1260,"Comegys, Benjamin B",0.722
SOUTHWEST_SCHUYLKILL,ES,1370,"Mitchell, Weir",0.208
SOUTHWEST_SCHUYLKILL,ES,1380,"Morton, Thomas G",0.07
SOUTHWEST_SCHUYLKILL,HS,1010,"Bartram, John",0.999
SOUTHWEST_SCHUYLKILL,MS,1260,"Comegys, Benjamin B",0.722
SOUTHWEST_SCHUYLKILL,MS,1370,"Mitchell, Weir",0.208
SOUTHWEST_SCHUYLKILL,MS,1130,"Tilden, William",0.07
SPRING_GARDEN,ES,2490,"Waring, Laura W",0.792
SPRING_GARDEN,ES,2210,Bache / Martin,0.202
SPRING_GARDEN,HS,2010,"Franklin, Benjamin HS",1.0
SPRING_GARDEN,MS,2490,"Waring, Laura W",0.792
SPRING_GARDEN,MS,2210,Bache / Martin,0.202
SPRUCE_HILL,ES,1280,Penn Alexander,0.702
SPRUCE_HILL,ES,1470,"Locke, Alain",0.225
SPRUCE_HILL,ES,1260,"Comegys, Benjamin B",0.072
SPRUCE_HILL,HS,1020,West Philadelphia HS,0.928
SPRUCE_HILL,HS,1010,"Bartram, John",0.072
SPRUCE_HILL,MS,1280,Penn Alexander,0.702
SPRUCE_HILL,MS,1470,"Locke, Alain",0.225
SPRUCE_HILL,MS,1260,"Comegys, Benjamin B",0.072
STADIUM_DISTRICT,ES,2190,"Fell, D Newlin",0.505
STADIUM_DISTRICT,ES,2690,"Taggart, John H",0.491
STADIUM_DISTRICT,HS,2000,South Philadelphia HS,0.509
STADIUM_DISTRICT,HS,2160,"Furness, Horace",0.491
STADIUM_DISTRICT,MS,2190,"Fell, D Newlin",0.505
STADIUM_DISTRICT,MS,2690,"Taggart, John H",0.491
STANTON,ES,4460,"Duckrey, Tanner",0.65
STANTON,ES,4270,"Dick, William",0.344
STANTON,HS,3416,Mastery Charter School at Gratz,0.651
STANTON,HS,4140,Strawberry Mansion HS,0.344
STANTON,MS,4460,"Duckrey, Tanner",0.65
STANTON,MS,4270,"Dick, William",0.344
STRAWBERRY_MANSION,ES,4470,"Wright, Richard",0.374
STRAWBERRY_MANSION,ES,4440,"Allen, Ethel D",0.221
STRAWBERRY_MANSION,ES,4220,"Blaine, James G",0.212
STRAWBERRY_MANSION,ES,4380,"Peirce, Thomas M",0.095
STRAWBERRY_MANSION,ES,4270,"Dick, William",0.039
STRAWBERRY_MANSION,ES,4530,"Gideon, Edward",0.038
STRAWBERRY_MANSION,HS,4140,Strawberry Mansion HS,0.987
STRAWBERRY_MANSION,MS,4350,"Rhodes, E Washington",0.469
STRAWBERRY_MANSION,MS,4440,"Allen, Ethel D",0.221
STRAWBERRY_MANSION,MS,4220,"Blaine, James G",0.212
STRAWBERRY_MANSION,MS,4270,"Dick, William",0.039
STRAWBERRY_MANSION,MS,4530,"Gideon, Edward",0.038
SUMMERDALE,ES,7220,"Carnell, Laura H",0.875
SUMMERDALE,ES,3421,Universal Institute Charter School at Creighton,0.125
SUMMERDALE,HS,7120,"Fels, Samuel",1.0
SUMMERDALE,MS,7110,"Harding, Warren G",0.875
SUMMERDALE,MS,3421,Universal Institute Charter School at Creighton,0.125
TACONY,ES,8240,"Disston, Hamilton",0.63
TACONY,ES,8250,"Forrest, Edwin",0.203
TACONY,ES,7330,"Lawton, Henry W",0.139
TACONY,HS,8010,"Lincoln, Abraham",0.843
TACONY,HS,7010,Frankford HS,0.139
TACONY,MS,8240,"Disston, Hamilton",0.63
TACONY,MS,8130,Northeast Community Propel Academy,0.203
TACONY,MS,7110,"Harding, Warren G",0.139
TIOGA,ES,3420,Mastery Charter School at Cleveland,0.392
TIOGA,ES,6390,"Steel, Edward",0.196
TIOGA,ES,4360,Kenderton,0.179
TIOGA,ES,6470,"Kelly, John B",0.081
TIOGA,ES,6320,"Mifflin, Thomas",0.079
TIOGA,ES,4350,"Rhodes, E Washington",0.073
TIOGA,HS,3416,Mastery Charter School at Gratz,0.767
TIOGA,HS,6060,"King, Martin Luther",0.081
TIOGA,HS,6030,Roxborough High School,0.079
TIOGA,HS,4140,Strawberry Mansion HS,0.073
TIOGA,MS,3420,Mastery Charter School at Cleveland,0.392
TIOGA,MS,6390,"Steel, Edward",0.196
TIOGA,MS,4360,Kenderton,0.179
TIOGA,MS,6360,"Roosevelt, Theodore",0.081
TIOGA,MS,6320,"Mifflin, Thomas",0.079
TIOGA,MS,4350,"Rhodes, E Washington",0.073
TORRESDALE,ES,8270,"Holme, Thomas",0.839
TORRESDALE,ES,8770,Hancock-LaBrum,0.106
TORRESDALE,HS,8010,"Lincoln, Abraham",0.839
TORRESDALE,HS,8030,"Washington, George",0.106
TORRESDALE,MS,8270,"Holme, Thomas",0.839
TORRESDALE,MS,8770,Hancock-LaBrum,0.106
UNIVERSITY_CITY,ES,1390,"Powel, Samuel",0.925
UNIVERSITY_CITY,ES,1280,Penn Alexander,0.049
UNIVERSITY_CITY,HS,1020,West Philadelphia HS,0.988
UNIVERSITY_CITY,MS,2050,Science Leadership Academy Middle School,0.925
UNIVERSITY_CITY,MS,1280,Penn Alexander,0.049
UPPER_KENSINGTON,ES,5260,"Elkin, Lewis",0.459
UPPER_KENSINGTON,ES,5530,"Sheridan, Philip H",0.248
UPPER_KENSINGTON,ES,5470,"Cramp, William",0.234
UPPER_KENSINGTON,ES,5680,"Munoz-Marin, Luis",0.038
UPPER_KENSINGTON,HS,5020,"Edison, Thomas A",0.748
UPPER_KENSINGTON,HS,5700,Kensington Campus,0.248
UPPER_KENSINGTON,MS,5580,Stetson,0.694
UPPER_KENSINGTON,MS,3423,Memphis St Charter at JP Jones,0.248
UPPER_KENSINGTON,MS,5680,"Munoz-Marin, Luis",0.038
UPPER_ROXBOROUGH,ES,6380,Shawmont,1.0
UPPER_ROXBOROUGH,HS,6030,Roxborough High School,1.0
UPPER_ROXBOROUGH,MS,6380,Shawmont,1.0
WALNUT_HILL,ES,1340,"Lea, Henry C",0.386
WALNUT_HILL,ES,3428,Global Leadership Academy Charter School at Huey,0.332
WALNUT_HILL,ES,1470,"Locke, Alain",0.282
WALNUT_HILL,HS,1020,West Philadelphia HS,0.668
WALNUT_HILL,HS,1100,"Sayre, William",0.332
WALNUT_HILL,MS,1340,"Lea, Henry C",0.386
WALNUT_HILL,MS,3428,Global Leadership Academy Charter School at Huey,0.332
WALNUT_HILL,MS,1470,"Locke, Alain",0.282
WASHINGTON_SQUARE,ES,2340,"McCall, General George A",0.985
WASHINGTON_SQUARE,HS,2010,"Franklin, Benjamin HS",0.998
WASHINGTON_SQUARE,MS,2340,"McCall, General George A",0.985
WEST_KENSINGTON,ES,5370,"Moffet, John",0.271
WEST_KENSINGTON,ES,5330,"Hunter, William H",0.26
WEST_KENSINGTON,ES,5420,"Welsh, John",0.196
WEST_KENSINGTON,ES,5350,"McKinley, William",0.18
WEST_KENSINGTON,ES,5210,"Brown, Henry A",0.071
WEST_KENSINGTON,HS,5700,Kensington Campus,0.707
WEST_KENSINGTON,HS,5160,Penn Treaty HS,0.29
WEST_KENSINGTON,MS,5160,Penn Treaty HS,0.271
WEST_KENSINGTON,MS,5330,"Hunter, William H",0.26
WEST_KENSINGTON,MS,5420,"Welsh, John",0.196
WEST_KENSINGTON,MS,5350,"McKinley, William",0.18
WEST_KENSINGTON,MS,5210,"Brown, Henry A",0.071
WEST_OAK_LANE,ES,7530,"Rowen, William",0.286
WEST_OAK_LANE,ES,6350,"Pennypacker, Samuel",0.267
WEST_OAK_LANE,ES,6210,"Edmonds, Franklin S",0.146
WEST_OAK_LANE,ES,6200,"Day, Anna Blakiston",0.134
WEST_OAK_LANE,ES,7490,Prince Hall,0.116
WEST_OAK_LANE,ES,7260,Ellwood,0.05
WEST_OAK_LANE,HS,6060,"King, Martin Luther",1.0
WEST_OAK_LANE,MS,7130,"Wagner, General Louis",0.452
WEST_OAK_LANE,MS,6350,"Pennypacker, Samuel",0.267
WEST_OAK_LANE,MS,6210,"Edmonds, Franklin S",0.146
WEST_OAK_LANE,MS,6200,"Day, Anna Blakiston",0.134
WEST_PARK,ES,3408,Mastery Charter School at Mann,0.992
WEST_PARK,HS,4020,Overbrook High,0.995
WEST_PARK,MS,1490,"Blankenburg, Rudolph",0.994
WEST_PARKSIDE,ES,1490,"Blankenburg, Rudolph",0.65
WEST_PARKSIDE,ES,4300,"Heston, Edward",0.35
WEST_PARKSIDE,HS,4020,Overbrook High,1.0
WEST_PARKSIDE,MS,1490,"Blankenburg, Rudolph",0.65
WEST_PARKSIDE,MS,4300,"Heston, Edward",0.35
WEST_PASSYUNK,ES,2320,"Girard, Stephen",0.667
WEST_PASSYUNK,ES,2370,"McDaniel, Delaplaine",0.333
WEST_PASSYUNK,HS,3417,Universal Institute Charter School at Audenried,0.667
WEST_PASSYUNK,HS,2000,South Philadelphia HS,0.333
WEST_PASSYUNK,MS,3418,"Universal Institute Charter School at Vare, EH",0.667
WEST_PASSYUNK,MS,2370,"McDaniel, Delaplaine",0.333
WEST_POPLAR,ES,5560,Spring Garden,0.764
WEST_POPLAR,ES,5480,"Kearny, General Philip",0.192
WEST_POPLAR,ES,5340,"Ludlow, James R",0.044
WEST_POPLAR,HS,2010,"Franklin, Benjamin HS",0.956
WEST_POPLAR,HS,5160,Penn Treaty HS,0.044
WEST_POPLAR,MS,5560,Spring Garden,0.764
WEST_POPLAR,MS,5480,"Kearny, General Philip",0.192
WEST_POPLAR,MS,5340,"Ludlow, James R",0.044
WEST_POWELTON,ES,1470,"Locke, Alain",0.798
WEST_POWELTON,ES,1390,"Powel, Samuel",0.202
WEST_POWELTON,HS,1020,West Philadelphia HS,1.0
WEST_POWELTON,MS,1470,"Locke, Alain",0.798
WEST_POWELTON,MS,2050,Science Leadership Academy Middle School,0.202
WEST_TORRESDALE,ES,8770,Hancock-LaBrum,0.955
WEST_TORRESDALE,ES,8390,"Fitzpatrick, Aloysius L",0.045
WEST_TORRESDALE,HS,8030,"Washington, George",1.0
WEST_TORRESDALE,MS,8770,Hancock-LaBrum,0.955
WEST_TORRESDALE,MS,8390,"Fitzpatrick, Aloysius L",0.045
WHITMAN,ES,2690,"Taggart, John H",0.559
WHITMAN,ES,2630,"Sharswood, George",0.44
WHITMAN,HS,2160,"Furness, Horace",0.999
WHITMAN,MS,2690,"Taggart, John H",0.559
WHITMAN,MS,2630,"Sharswood, George",0.44
WINCHESTER_PARK,ES,8410,"Pollock, Robert B",1.0
WINCHESTER_PARK,HS,8010,"Lincoln, Abraham",1.0
WINCHESTER_PARK,MS,8410,"Pollock, Robert B",1.0
WISSAHICKON,ES,6410,Cook-Wissahickon,0.993
WISSAHICKON,HS,6030,Roxborough High School,0.993
WISSAHICKON,MS,6410,Cook-Wissahickon,0.993
WISSAHICKON_HILLS,ES,6380,Shawmont,1.0
WISSAHICKON_HILLS,HS,6030,Roxborough High School,1.0
WISSAHICKON_HILLS,MS,6380,Shawmont,1.0
WISSAHICKON_PARK,ES,6380,Shawmont,0.445
WISSAHICKON_PARK,ES,6410,Cook-Wissahickon,0.208
WISSAHICKON_PARK,ES,6270,"Jenks, John S",0.182
WISSAHICKON_PARK,ES,6250,"Henry, Charles W",0.115
WISSAHICKON_PARK,ES,6320,"Mifflin, Thomas",0.05
WISSAHICKON_PARK,HS,6030,Roxborough High School,1.0
WISSAHICKON_PARK,MS,6380,Shawmont,0.445
WISSAHICKON_PARK,MS,6410,Cook-Wissahickon,0.208
WISSAHICKON_PARK,MS,6270,"Jenks, John S",0.182
WISSAHICKON_PARK,MS,6250,"Henry, Charles W",0.115
WISSAHICKON_PARK,MS,6320,"Mifflin, Thomas",0.05
WISSINOMING,ES,7330,"Lawton, Henry W",0.314
WISSINOMING,ES,7430,"Sullivan, James J",0.305
WISSINOMING,ES,7470,Bridesburg,0.21
WISSINOMING,ES,8200,"Allen, Ethan",0.058
WISSINOMING,ES,3409,Mastery Charter School at Smedley,0.052
WISSINOMING,ES,7460,"Ziegler, William H",0.052
WISSINOMING,HS,7010,Frankford HS,0.933
WISSINOMING,HS,8010,"Lincoln, Abraham",0.059
WISSINOMING,MS,7110,"Harding, Warren G",0.671
WISSINOMING,MS,7470,Bridesburg,0.21
WISSINOMING,MS,8200,"Allen, Ethan",0.058
WISSINOMING,MS,7460,"Ziegler, William H",0.052
WISTER,ES,3427,Mastery Charter School at Wister,0.897
WISTER,ES,6300,"Logan, James",0.101
WISTER,HS,6060,"King, Martin Luther",1.0
WISTER,MS,6360,"Roosevelt, Theodore",1.0
WOODLAND_TERRACE,ES,1280,Penn Alexander,0.978
WOODLAND_TERRACE,ES,1260,"Comegys, Benjamin B",0.021
WOODLAND_TERRACE,HS,1020,West Philadelphia HS,0.979
WOODLAND_TERRACE,HS,1010,"Bartram, John",0.021
WOODLAND_TERRACE,MS,1280,Penn Alexander,0.978
WOODLAND_TERRACE,MS,1260,"Comegys, Benjamin B",0.021
WYNNEFIELD,ES,3408,Mastery Charter School at Mann,0.696
WYNNEFIELD,ES,4280,"Gompers, Samuel",0.225
WYNNEFIELD,ES,4300,"Heston, Edward",0.043
WYNNEFIELD,ES,4370,Overbrook Elementary,0.024
WYNNEFIELD,HS,4020,Overbrook High,1.0
WYNNEFIELD,MS,1490,"Blankenburg, Rudolph",0.696
WYNNEFIELD,MS,4280,"Gompers, Samuel",0.225
WYNNEFIELD,MS,4300,"Heston, Edward",0.043
WYNNEFIELD,MS,4370,Overbrook Elementary,0.024
WYNNEFIELD_HEIGHTS,ES,3408,Mastery Charter School at Mann,0.998
WYNNEFIELD_HEIGHTS,HS,4020,Overbrook High,0.998
WYNNEFIELD_HEIGHTS,MS,1490,"Blankenburg, Rudolph",0.998
YORKTOWN,ES,5250,"Dunbar, Paul Laurence",0.906
YORKTOWN,ES,5340,"Ludlow, James R",0.093
YORKTOWN,HS,2010,"Franklin, Benjamin HS",0.907
YORKTOWN,HS,5160,Penn Treaty HS,0.093
YORKTOWN,MS,5250,"Dunbar, Paul Laurence",0.906
YORKTOWN,MS,5340,"Ludlow, James R",0.093
