GEOID,level,ulcs,tract_share
42101036501,ES,8370,0.9992579278350013
42101000801,ES,2470,0.9925586909301292
42101026301,ES,6210,0.9004059500365488
42101026301,ES,6350,0.09959404996344866
42101029200,ES,3421,0.2790563569496965
42101029200,ES,3422,0.13616324195941795
42101029200,ES,7220,0.03692816154409536
42101029200,ES,7360,0.5471953436024296
42101024400,ES,6470,0.9999774441509285
42101033200,ES,8130,0.9824602064314207
42101980200,ES,8130,0.15864536173643257
42101980200,ES,8210,0.05319394884080344
42101980200,ES,8260,0.16778502738371043
42101980200,ES,8270,0.02128127938626405
42101980200,ES,8380,0.10562212055093516
42101980200,ES,8400,0.1997845817074013
42101980200,ES,8410,0.15663015881842102
42101980200,ES,8430,0.13357069887821996
42101000200,ES,2340,0.9945112167386474
42101000300,ES,2470,0.6374321895288994
42101000300,ES,2490,0.36032796047750115
42101038700,ES,6270,0.9987738247379692
42101038800,ES,6250,0.0717747590719419
42101038800,ES,6260,0.9280365944394184
42101038900,ES,6200,0.8901403476932175
42101038900,ES,6220,0.07968205760257076
42101038900,ES,6360,0.03003650669577371
42101037900,ES,5400,0.09819254020914156
42101037900,ES,7470,0.9015661894740427
42101038200,ES,5400,0.026881325449627107
42101038200,ES,5590,0.8777028012751908
42101038200,ES,7300,0.02023270448327707
42101038200,ES,7470,0.07513687648173814
42101038000,ES,7290,0.7218380425668444
42101038000,ES,7430,0.2777112180682078
42101038100,ES,7330,0.15335721339507646
42101038100,ES,7430,0.04095706374963896
42101038100,ES,7470,0.16368648527545085
42101038100,ES,8210,0.0679450521089506
42101038100,ES,8240,0.22776492519414457
42101038100,ES,8250,0.34630807619119386
42101001001,ES,2340,0.9998337334226655
42101037300,ES,2190,0.026229891266606208
42101037300,ES,2240,0.9737701087333932
42101037200,ES,2190,0.529918028139395
42101037200,ES,2690,0.46708746815865876
42101038400,ES,6380,0.9999986172840523
42101038600,ES,6250,0.30583573626594807
42101038600,ES,6260,0.06123453561513077
42101038600,ES,6270,0.6302836877463232
42101038500,ES,6270,0.9999999999999998
42101025500,ES,6260,0.9996626292746552
42101025600,ES,6260,0.9999447288137285
42101025700,ES,6260,0.20539854392213766
42101025700,ES,6270,0.7933754725823216
42101025800,ES,6270,0.9195998274871092
42101025800,ES,6310,0.07901063650769385
42101025900,ES,6210,0.06989487858491139
42101025900,ES,6310,0.9292885744853171
42101017602,ES,5260,0.785690997488306
42101017602,ES,5390,0.21430900251170082
42101017800,ES,5440,0.9999635175324822
42101017900,ES,5400,0.4969767517704831
42101017900,ES,5440,0.5094126723139106
42101017701,ES,5260,0.675133589163727
42101017701,ES,5530,0.3239162620545832
42101035601,ES,8400,0.999999663323835
42101980400,ES,1400,0.3382077219739177
42101980400,ES,1440,0.6615523714357575
42101013402,ES,2490,0.9999999999999998
42101013601,ES,2210,0.6900056543774566
42101013601,ES,2390,0.30999434562253775
42101008801,ES,1390,1.0000000000000002
42101980500,ES,5490,0.29470085222840703
42101980500,ES,7100,0.17543933224866787
42101980500,ES,7380,0.5298598155229355
42101015200,ES,3412,0.5063024234365945
42101015200,ES,4270,0.41954202595762785
42101015200,ES,4460,0.03578863934547819
42101015200,ES,4470,0.037815241761492965
42101018300,ES,7470,0.9947212654556515
42101018400,ES,7470,0.989493633447463
42101019000,ES,7150,0.38414692376184084
42101019000,ES,7300,0.6153495958468123
42101019100,ES,5530,0.21797565796719892
42101019100,ES,7150,0.7109584428863011
42101019100,ES,7300,0.07070579163785774
42101019200,ES,5530,0.9996262269702377
42101019700,ES,5490,0.4043277107034751
42101019700,ES,7380,0.5956722892965096
42101019800,ES,7380,0.25371148441195335
42101019800,ES,7440,0.3297253489053695
42101019800,ES,7510,0.416563166682679
42101019900,ES,7440,0.4515789563941476
42101019900,ES,7510,0.5481565887708671
42101020000,ES,7510,0.9996603250888846
42101020200,ES,3420,0.812698399759147
42101020200,ES,4350,0.08662417317461277
42101020200,ES,4360,0.10064524340452093
42101020300,ES,3420,0.192762720246932
42101020300,ES,6390,0.09448667529614088
42101020300,ES,7380,0.17571191503473096
42101020300,ES,7510,0.5233540292688966
42101020400,ES,6390,0.877547514039713
42101020400,ES,7100,0.11833474458957584
42101020500,ES,3420,0.173082126210773
42101020500,ES,6390,0.614544139521074
42101020500,ES,6470,0.2123580593267853
42101020600,ES,6320,0.87736576368178
42101020600,ES,6470,0.12263423631822228
42101020800,ES,6320,0.9999991674090821
42101020900,ES,6410,0.9985635442859503
42101021000,ES,6410,0.9990001614980925
42101021100,ES,6410,0.9999999999999999
42101021200,ES,6380,0.6281359120636902
42101021200,ES,6410,0.3718015593712539
42101021400,ES,6410,0.04822122504838323
42101021400,ES,6450,0.9517239277182183
42101021500,ES,6380,0.2928017483708944
42101021500,ES,6450,0.7071413402449788
42101015600,ES,5340,0.17734519372974464
42101015600,ES,5350,0.31739835999449006
42101015600,ES,5370,0.5052564462757655
42101015700,ES,5200,0.21921875938068663
42101015700,ES,5370,0.7807804917317327
42101015800,ES,5200,0.9999420574957313
42101016100,ES,5210,0.6887774268063427
42101016100,ES,5300,0.31016427252205003
42101016200,ES,5320,0.035178806880268566
42101016200,ES,5330,0.44694520322253284
42101016200,ES,5350,0.5171746254003806
42101016300,ES,5210,0.22782352722281896
42101016300,ES,5330,0.545043155972949
42101016300,ES,5420,0.22709896195686766
42101016400,ES,5320,0.5334557684940955
42101016400,ES,5420,0.46645374290157815
42101016500,ES,3415,0.35331935022260064
42101016500,ES,5320,0.646474167414167
42101016600,ES,3415,0.253526810445127
42101016600,ES,5320,0.7461824257892681
42101016002,ES,5300,0.9999059487528934
42101016001,ES,5300,0.9995878780079556
42101039002,ES,3421,0.46056376669757587
42101039002,ES,7220,0.5298591508507403
42101018801,ES,5590,0.9998728554259767
42101039001,ES,7220,0.4347427378203446
42101039001,ES,7280,0.4218712525834422
42101039001,ES,8310,0.13972849888466637
42101004104,ES,2190,0.7036120085907817
42101004104,ES,2690,0.2972107409635712
42101004103,ES,2190,0.2009799245716963
42101004103,ES,2540,0.4980217554207406
42101004103,ES,2690,0.30293330893292786
42101980702,ES,2630,0.4665510163145309
42101980702,ES,2690,0.4100704630361987
42101980702,ES,2720,0.12310813479161739
42101989200,ES,2190,0.22007524706648135
42101989200,ES,2240,0.3957995747242987
42101989200,ES,2690,0.3676080914449184
42101000102,ES,2340,1.0
42101036901,ES,1260,0.04995585673616399
42101036901,ES,1390,0.9470229420802184
42101001204,ES,2470,1.0
42101980001,ES,2210,0.054367473343799134
42101980001,ES,2390,0.19894544450506454
42101980001,ES,4220,0.6066701893497158
42101980001,ES,4440,0.11189060346360916
42101036902,ES,1390,0.9965546368652182
42101020702,ES,6320,0.993522361265914
42101013702,ES,2390,0.8012533013500289
42101013702,ES,4560,0.19874669864997976
42101020701,ES,6320,0.9919416028675495
42101012502,ES,2210,0.10945098840891261
42101012502,ES,2470,0.35831774342721023
42101012502,ES,2490,0.5273892762538768
42101018802,ES,5590,1.0000000000000002
42101014201,ES,5200,0.030843976570020335
42101014201,ES,5340,0.9689321925918915
42101014202,ES,5200,0.7705740299580693
42101014202,ES,5340,0.10873117361545583
42101014202,ES,5480,0.12069156048762351
42101000101,ES,2340,0.9999999999999999
42101980002,ES,1360,0.08969742868306853
42101980002,ES,3408,0.9005624015268316
42101980901,ES,1380,0.07286947978501143
42101980901,ES,1400,0.8047493293929959
42101980901,ES,1440,0.11863112941886923
42101000404,ES,2470,1.0000000000000002
42101012501,ES,2490,0.9996808840443788
42101000403,ES,2470,0.8731763385793209
42101000403,ES,2490,0.12557674077255204
42101000701,ES,2470,0.9999999999999996
42101000805,ES,2470,1.0
42101000806,ES,2470,1.0
42101989300,ES,5530,0.17863020436660934
42101989300,ES,7150,0.22999882295425603
42101989300,ES,7200,0.5785327260930759
42101016901,ES,4380,0.03749509985175652
42101016901,ES,4440,0.11975429855479412
42101016901,ES,4470,0.8427506015934463
42101017000,ES,4350,0.45698837159788297
42101017000,ES,6320,0.5417550371386965
42101017100,ES,4350,0.7660988829434421
42101017100,ES,4440,0.2338680839677979
42101017202,ES,4350,0.11194221704438725
42101017202,ES,4380,0.40621868764336205
42101017202,ES,4440,0.48183909531225183
42101027401,ES,7350,0.8605121785755679
42101027401,ES,7390,0.13948782142443314
42101020101,ES,3420,0.023371692251798703
42101020101,ES,4360,0.976391126243505
42101028901,ES,7150,0.33466893063508235
42101028901,ES,7200,0.6653310693649169
42101030501,ES,7280,0.9999067119058712
42101016702,ES,4460,0.9997824663204624
42101008802,ES,1280,0.4041430507562019
42101008802,ES,1390,0.4671028775477395
42101008802,ES,1470,0.1287540716960526
42101021600,ES,6380,0.9658013248852712
42101021600,ES,6450,0.034104547755046136
42101021700,ES,6380,0.999956370751877
42101021900,ES,6380,0.9999773498568811
42101022000,ES,6380,0.9998294960604991
42101023100,ES,6260,0.14605037515388114
42101023100,ES,6270,0.8539496248461202
42101023500,ES,6250,0.6786544848256448
42101023500,ES,6440,0.3213455151743518
42101023600,ES,6250,0.6988612453345648
42101023600,ES,6440,0.30113875466543377
42101023700,ES,6250,0.624733950898377
42101023700,ES,6260,0.20208666997429986
42101023700,ES,6440,0.17314096700200238
42101023900,ES,6440,0.9999999476263889
42101024000,ES,6440,0.2605261967860483
42101024000,ES,6470,0.7393776597416839
42101024100,ES,6440,0.37381233600894315
42101024100,ES,6470,0.6261874716224911
42101014900,ES,3412,0.10947103569719797
42101014900,ES,4220,0.22161155429007703
42101014900,ES,4530,0.1830159104497208
42101014900,ES,4560,0.48590142850199314
42101014700,ES,4570,0.9997834582523721
42101014800,ES,3412,0.8856688065321585
42101014800,ES,4570,0.11422828223868554
42101024200,ES,6470,0.9999999999999999
42101024300,ES,6470,0.9999997801169939
42101024500,ES,3426,0.05265342990881051
42101024500,ES,3427,0.9471801841242542
42101024600,ES,3427,0.41386177242198763
42101024600,ES,6360,0.5859543699597104
42101017300,ES,4360,0.2649623789156461
42101017300,ES,4380,0.5846757227895821
42101017300,ES,4460,0.150269735147519
42101017400,ES,3415,0.9999999733882753
42101017500,ES,3415,0.21707381376865884
42101017500,ES,5170,0.16550886749762703
42101017500,ES,5390,0.5259218357652431
42101017500,ES,5680,0.09134400034628294
42101017601,ES,5170,0.4903672297893798
42101017601,ES,5260,0.029737905827615416
42101017601,ES,5390,0.12651686641396653
42101017601,ES,5410,0.353087665809892
42101024700,ES,3426,0.48501073821985674
42101024700,ES,3427,0.44052270904509494
42101024700,ES,6360,0.07444264099677828
42101024900,ES,3426,0.9997392427710584
42101025200,ES,6220,0.48677224070093583
42101025200,ES,6360,0.5131983010528437
42101025400,ES,6200,0.690162497836029
42101025400,ES,6220,0.30983750216397066
42101001203,ES,2470,0.9999999999999998
42101001302,ES,1390,0.020427642003207784
42101001302,ES,2470,0.1183260146681676
42101001302,ES,2480,0.6950699293436852
42101001302,ES,3424,0.16617641398493513
42101013701,ES,2390,0.7436552334261651
42101013701,ES,4220,0.06314785251933085
42101013701,ES,4560,0.19315013485502402
42101980003,ES,1390,0.9931054563539484
42101001301,ES,2480,0.999431610107889
42101000702,ES,2470,0.9999999999999998
42101980701,ES,2190,0.10814172052091046
42101980701,ES,2690,0.8910108921326302
42101038301,ES,5490,0.2033741798413964
42101038301,ES,7380,0.33529036161116915
42101038301,ES,7440,0.4608044602027499
42101014600,ES,5250,0.9999212373825788
42101039100,ES,1260,0.7078253094599736
42101039100,ES,1380,0.2837520884946546
42101980902,ES,1260,0.08894975735227614
42101980902,ES,3424,0.9110502426477233
42101980904,ES,3424,0.9982243505417593
42101980903,ES,3424,1.0
42101980906,ES,1400,0.025311071384081726
42101980906,ES,2240,0.974071173158074
42101980905,ES,2240,0.998715489788609
42101036700,ES,2340,0.03957925023577952
42101036700,ES,5480,0.9417603867770111
42101037800,ES,5200,0.03686473273841111
42101037800,ES,5400,0.38167930363000363
42101037800,ES,7470,0.5800304515284728
42101037600,ES,5480,0.4631148658615554
42101037600,ES,5560,0.5366476083386903
42101014500,ES,5250,0.3379552056736777
42101014500,ES,5340,0.6620447943263141
42101031200,ES,8350,0.9999998747341712
42101021800,ES,6380,1.0000000000000002
42101009100,ES,1390,0.9999603148879939
42101033600,ES,8360,0.7003410765533546
42101033600,ES,8380,0.2996589234466468
42101004202,ES,2630,0.4535004956317793
42101004202,ES,2690,0.5464867680637822
42101016800,ES,4270,0.5018843289595826
42101016800,ES,4380,0.32692417869718743
42101016800,ES,4470,0.17104552972312237
42101007000,ES,1260,0.2604064997673448
42101007000,ES,1370,0.5676018322286966
42101007000,ES,1380,0.1719916680039558
42101029100,ES,3421,0.9736947315320331
42101029100,ES,7280,0.0251645589143915
42101980100,ES,6250,0.10817791568658687
42101980100,ES,6270,0.1667366098759387
42101980100,ES,6320,0.06585061848972246
42101980100,ES,6380,0.3857851464613179
42101980100,ES,6410,0.19417819404355258
42101980100,ES,6440,0.0792700624569193
42101021300,ES,6450,0.9994922917495235
42101030000,ES,3409,0.7450593441539046
42101030000,ES,3422,0.04755743856063002
42101030000,ES,7290,0.16503669522844008
42101030000,ES,7360,0.042238157586182164
42101013300,ES,2490,0.9996477496424948
42101026100,ES,6210,0.9998358065492214
42101026200,ES,6200,0.33548487986531905
42101026200,ES,6210,0.6015578317801678
42101026200,ES,6350,0.062957288354504
42101026302,ES,6350,0.9999226927480265
42101026400,ES,6200,0.510618067944801
42101026400,ES,6350,0.48938193190434487
42101026500,ES,6200,0.11708513819657528
42101026500,ES,6350,0.13775973533821298
42101026500,ES,7490,0.023386546240122073
42101026500,ES,7530,0.7217241762639296
42101026600,ES,6350,0.06791919561888646
42101026600,ES,7530,0.9303344565117699
42101026700,ES,7490,0.7599221256976659
42101026700,ES,7530,0.2399447025000842
42101026900,ES,7260,0.8435261444726536
42101026900,ES,7270,0.15474558835239283
42101027100,ES,7270,0.31129906441508354
42101027100,ES,7350,0.6886985507612945
42101027200,ES,7270,0.9954303535442308
42101027300,ES,7270,0.3833753083130004
42101027300,ES,7350,0.4643304502266543
42101027300,ES,7400,0.15198988204801325
42101036201,ES,8390,0.9999403687309046
42101036202,ES,8390,0.9999800249079212
42101027700,ES,3426,0.2318197596466973
42101027700,ES,6340,0.13448374262779692
42101027700,ES,7260,0.09293493340536706
42101027700,ES,7490,0.5406963819149402
42101027800,ES,6340,0.48780393321883264
42101027800,ES,7320,0.37465389994112935
42101027800,ES,7490,0.13747510054802614
42101028000,ES,3427,0.12049718750523626
42101028000,ES,6300,0.6817617550465832
42101028000,ES,6390,0.19771454734625044
42101027600,ES,7320,0.9977463889160795
42101028200,ES,3419,0.5856087460616802
42101028200,ES,5500,0.10659634865009404
42101028200,ES,7320,0.2800706057270662
42101028200,ES,7350,0.027652440623604765
42101028400,ES,3419,0.22959596341484073
42101028400,ES,5490,0.15892267820292727
42101028400,ES,5500,0.32802450181306103
42101028400,ES,7100,0.2826716980591941
42101028500,ES,5500,0.9995383942620166
42101028600,ES,7390,0.7874456239212788
42101028600,ES,7400,0.21255203009213985
42101028700,ES,5490,0.5645572765870492
42101028700,ES,5500,0.02254834670988538
42101028700,ES,7200,0.329381928479782
42101028700,ES,7390,0.08349653440026811
42101029000,ES,7400,0.9993169219680994
42101029300,ES,7360,0.9934068722932512
42101029400,ES,7290,0.9998456330142148
42101036203,ES,8390,0.9984326370920397
42101009801,ES,4320,0.9991519752137432
42101012201,ES,3408,1.0
42101007101,ES,1260,0.19631770835591186
42101007101,ES,1370,0.803682291644103
42101002801,ES,2580,0.6668194363186701
42101002801,ES,2640,0.3329877020225938
42101029800,ES,7430,0.9999801932771025
42101029900,ES,3409,0.5258525438691489
42101029900,ES,7290,0.11372397298674959
42101029900,ES,7430,0.3604234831440939
42101030100,ES,3422,0.5186392463968156
42101030100,ES,7360,0.48136075360318553
42101030200,ES,3422,0.9998428376103455
42101030600,ES,8310,0.9864236441637004
42101036301,ES,8420,0.9981506740210406
42101036302,ES,8420,0.9998047916952135
42101036303,ES,8420,0.999856036554371
42101036400,ES,8370,0.4038782606317777
42101036400,ES,8420,0.595970604815989
42101030700,ES,8230,0.5354113818758125
42101030700,ES,8310,0.46445479602310413
42101030800,ES,8230,0.42122523996998906
42101030800,ES,8310,0.5787747600300107
42101030900,ES,7220,0.8105649160603828
42101030900,ES,8310,0.189435083939619
42101031000,ES,8310,0.9996612849592049
42101031300,ES,8350,0.9999517781870768
42101031600,ES,8200,0.7407296169619746
42101031600,ES,8300,0.2375090406885802
42101031600,ES,8350,0.021482807888353123
42101031700,ES,7460,0.2832558253354404
42101031700,ES,8200,0.6844501708586733
42101031700,ES,8350,0.03228273268747113
42101031800,ES,7460,0.7752049028893329
42101031800,ES,8200,0.11451272962360422
42101031800,ES,8350,0.11011536527543989
42101032000,ES,7330,0.2688372561223842
42101032000,ES,8200,0.2084561275615916
42101032000,ES,8240,0.5227066163160229
42101032100,ES,7330,0.6638499360008068
42101032100,ES,7430,0.3361500639991958
42101032500,ES,8240,1.0000000000000007
42101032600,ES,8240,0.37286661042290503
42101032600,ES,8250,0.6270722254497353
42101989100,ES,8210,0.6921666995020612
42101989100,ES,8270,0.30756871428677374
42101032900,ES,8210,0.7257847600749759
42101032900,ES,8250,0.27421364156888445
42101033000,ES,8250,0.9998192886767849
42101033300,ES,8130,0.9318549961607485
42101033300,ES,8360,0.03609778059484663
42101033300,ES,8380,0.03204722343569312
42101033400,ES,8360,0.8152586746148031
42101033400,ES,8380,0.18470238214968646
42101033800,ES,8230,0.5820954669741099
42101033800,ES,8260,0.3110935303456078
42101033800,ES,8360,0.10678811507414684
42101033900,ES,8230,0.3623621712964849
42101033900,ES,8260,0.6376344775408779
42101034000,ES,8260,0.9999609072965794
42101034100,ES,8260,0.9999935016696563
42101034200,ES,8260,0.09027635932006477
42101034200,ES,8430,0.9096682683782434
42101034400,ES,8400,0.3868721428753734
42101034400,ES,8430,0.6131107795017396
42101034600,ES,8410,0.9823482676028771
42101034701,ES,8400,0.025540788230466623
42101034701,ES,8410,0.9744592117695332
42101008602,ES,1280,0.03976400720029631
42101008602,ES,1340,0.3673232091445296
42101008602,ES,1470,0.5929127836551854
42101009802,ES,4320,0.9992766626317355
42101037500,ES,4280,0.0957256802437577
42101037500,ES,4320,0.23667271794016262
42101037500,ES,4370,0.6671028821756726
42101018001,ES,5400,1.0000000000000004
42101011000,ES,1360,0.07087610144348083
42101011000,ES,1490,0.9291238985565194
42101011100,ES,1410,0.1450153664840754
42101011100,ES,1490,0.4031623772062175
42101011100,ES,4300,0.4517868719493387
42101011300,ES,4300,0.3118318912098456
42101011300,ES,4520,0.6881680991423496
42101011400,ES,4240,0.06652783808150152
42101011400,ES,4280,0.1238532479573098
42101011400,ES,4370,0.6037759857101119
42101011400,ES,4520,0.2057998947906216
42101011500,ES,4240,0.999987430012426
42101011800,ES,3408,0.5593492053032835
42101011800,ES,4280,0.35951013960705647
42101011800,ES,4300,0.048062694363336676
42101011800,ES,4520,0.033077960726317086
42101011900,ES,3408,0.8848840265471583
42101011900,ES,4300,0.11511409447050155
42101012000,ES,4280,0.9996491041894326
42101012100,ES,3408,0.9988623902550712
42101013100,ES,5480,1.0000000000000004
42101013500,ES,2210,0.806657997587046
42101013500,ES,2490,0.19334200241295368
42101003002,ES,2260,1.0
42101031401,ES,8340,0.9999209624219102
42101013401,ES,2210,0.7551796351600452
42101013401,ES,2490,0.2448203648399525
42101018002,ES,5400,0.9999999999999998
42101013800,ES,2390,0.8053364722380856
42101013800,ES,4560,0.19442783121390897
42101013900,ES,2210,0.5115885609744601
42101013900,ES,2390,0.1195741541692774
42101013900,ES,4560,0.03859161830649488
42101013900,ES,4570,0.3254225650577094
42101014100,ES,5250,0.2553769344994722
42101014100,ES,5340,0.5491456979564322
42101014100,ES,5560,0.1953464300970075
42101035701,ES,8440,0.9999611907428171
42101035702,ES,8440,0.9998591362355476
42101033701,ES,8380,1.0000000000000002
42101033702,ES,8260,0.09304918232179132
42101033702,ES,8380,0.9069368286087204
42101020102,ES,3420,0.8048028059563811
42101020102,ES,4360,0.19509613653344668
42101031101,ES,7220,0.725964911092178
42101031101,ES,8310,0.27367886554333154
42101031102,ES,7220,0.9996637549950784
42101019502,ES,5470,0.703105044692899
42101019502,ES,5680,0.29674679390537334
42101019501,ES,5470,0.5976578673202965
42101019501,ES,5680,0.4017693539576774
42101028902,ES,7200,0.9508086318066267
42101028902,ES,7400,0.046199318689939796
42101033101,ES,8130,0.9997127654219742
42101033102,ES,8130,0.3268737856955092
42101033102,ES,8210,0.6735074425980895
42101031501,ES,8130,0.30714831274713206
42101031501,ES,8300,0.6925033086739212
42101001102,ES,2340,0.9996693234954528
42101000803,ES,2470,1.0000000000000002
42101017201,ES,4350,0.3628310404647316
42101017201,ES,4380,0.6371689595352743
42101980800,ES,4240,0.3213536376845964
42101980800,ES,4320,0.6237736173699935
42101980800,ES,4370,0.04796896167986502
42101008601,ES,1280,0.26188402553827034
42101008601,ES,1340,0.7381159744617313
42101037700,ES,5250,0.6563229506540992
42101037700,ES,5350,0.3436153789500029
42101010700,ES,1490,0.31218186841188916
42101010700,ES,3368,0.6876551977199867
42101010800,ES,1360,0.6414407123238266
42101010800,ES,1390,0.025933652539189268
42101010800,ES,3368,0.33262129034972737
42101010600,ES,1420,0.4280957480447764
42101010600,ES,1470,0.5717192287408394
42101005400,ES,1440,0.9994516814006553
42101005500,ES,1440,0.9907356201662105
42101005600,ES,1440,1.0
42101000500,ES,2340,0.9964572645862511
42101034803,ES,8270,0.9999999999999999
42101006000,ES,1400,0.975213376741335
42101006000,ES,1440,0.02478662325866472
42101006100,ES,1380,0.16164095839842718
42101006100,ES,1400,0.8383590416015765
42101006300,ES,1250,0.3914043626890549
42101006300,ES,1380,0.06208706438554987
42101006300,ES,1400,0.5465035941240771
42101006400,ES,1250,0.9992811627897055
42101026800,ES,7260,0.9993484231504034
42101014400,ES,5200,0.10108781874047357
42101014400,ES,5340,0.292613860101231
42101014400,ES,5370,0.6062983211582952
42101036600,ES,2340,0.39380874612221134
42101036600,ES,2380,0.17981837959125205
42101036600,ES,2590,0.06258158309200808
42101036600,ES,2720,0.24039848847953682
42101036600,ES,5480,0.12242122316520472
42101012204,ES,3408,0.998699511389384
42101012203,ES,3408,0.9952158862898802
42101013602,ES,2210,0.291758902259598
42101013602,ES,2390,0.708241097740401
42101034502,ES,8400,1.0000000000000004
42101000902,ES,2340,0.9999999999999997
42101001201,ES,1390,0.021982013647041693
42101001201,ES,2470,0.9779966772935857
42101002702,ES,2720,0.9998179676279215
42101028100,ES,6300,0.9996298926125632
42101035302,ES,8390,0.28768436100533606
42101035302,ES,8770,0.7122703044726068
42101002000,ES,2450,0.6266971847874372
42101002000,ES,3424,0.37062295051122324
42101014300,ES,5200,0.9999527683519268
42101001101,ES,2340,0.9719180923450593
42101001101,ES,2470,0.02770347148561428
42101027402,ES,7270,0.1506237872073537
42101027402,ES,7350,0.7840098383327591
42101027402,ES,7390,0.06508535003782641
42101036502,ES,8370,0.9995168361389059
42101000401,ES,2470,0.9974502157984529
42101034501,ES,8400,0.9999999999999998
42101000901,ES,2340,0.9698313352910717
42101000901,ES,2470,0.03016866470892813
42101017702,ES,5260,0.9849560799162648
42101023800,ES,6440,0.999981277303735
42101010900,ES,1360,0.999591574751893
42101024800,ES,3426,0.4276878452417046
42101024800,ES,6360,0.5723121163699197
42101033500,ES,8360,0.9998802880301053
42101007700,ES,1260,0.5001005907423179
42101007700,ES,1280,0.4996685952682358
42101014000,ES,2210,0.05396147763061745
42101014000,ES,4570,0.9457092799031575
42101003001,ES,2260,0.6659002739927342
42101003001,ES,2320,0.3340997260072801
42101002802,ES,2580,0.34572324747709926
42101002802,ES,2640,0.6540618581263002
42101002701,ES,2580,0.5000323124813381
42101002701,ES,2720,0.49996754159882734
42101980600,ES,2190,0.809905638881852
42101980600,ES,2240,0.1900943611181485
42101034702,ES,8410,0.9999999999999997
42101034801,ES,8210,0.03140501692534008
42101034801,ES,8270,0.8788753398070984
42101034801,ES,8410,0.08971964326756193
42101034802,ES,8270,0.7461069950048945
42101034802,ES,8410,0.25389300499510514
42101034900,ES,8210,0.30608154293144774
42101034900,ES,8270,0.6939184570685522
42101035100,ES,8270,0.8573631188457026
42101035100,ES,8770,0.13985556078455635
42101035200,ES,8270,0.7596034088467963
42101035200,ES,8770,0.23932722064599468
42101980300,ES,8390,0.9823509143767205
42101035500,ES,8400,1.0000000000000002
42101035800,ES,8370,0.6436725655400437
42101035800,ES,8440,0.3562585069158494
42101035900,ES,8370,0.3697839829358274
42101035900,ES,8440,0.6300570417718101
42101036000,ES,8370,0.23885015521558062
42101036000,ES,8400,0.7611498447844223
42101036100,ES,8370,0.6116831956642744
42101036100,ES,8390,0.3883157801986974
42101026000,ES,6210,0.8286156630640464
42101026000,ES,6310,0.1701405242786141
42101027500,ES,5500,0.1454252945967251
42101027500,ES,7350,0.854521511432913
42101006500,ES,1250,0.3285983513930871
42101006500,ES,1350,0.2748739050619429
42101006500,ES,1370,0.1347489951863199
42101006500,ES,1460,0.259317082140439
42101006600,ES,1250,0.29214262691870635
42101006600,ES,1370,0.2909149015289164
42101006600,ES,1380,0.41694247155237774
42101006700,ES,1380,1.0000000000000002
42101007200,ES,1300,0.40393548770563126
42101007200,ES,1350,0.22756496866891093
42101007200,ES,1460,0.1956812995203473
42101007200,ES,3407,0.1728182441051056
42101001600,ES,2380,0.9999368002534742
42101001700,ES,2380,0.9190319855688981
42101001700,ES,2590,0.080968014431102
42101007300,ES,1260,0.18213114092195445
42101007300,ES,1300,0.8178688590780444
42101007400,ES,1260,1.0
42101001800,ES,2380,0.2335468127024037
42101001800,ES,2510,0.5506335139599026
42101001800,ES,2590,0.20548874600277484
42101001900,ES,2450,0.6925171789689252
42101001900,ES,2480,0.3074828210310731
42101002100,ES,2450,0.9994889529985739
42101002200,ES,2260,0.4495200924031308
42101002200,ES,2450,0.550479907596869
42101002400,ES,2510,0.45957104729182274
42101002400,ES,2590,0.29592398411548276
42101002400,ES,2720,0.2372659792382461
42101002500,ES,2590,0.5308953573926357
42101002500,ES,2720,0.4691046426073651
42101002900,ES,2510,0.9729145864820201
42101003100,ES,2260,0.5421936856216876
42101003100,ES,2370,0.45776120081749705
42101003200,ES,2260,0.07917075058450401
42101003200,ES,2370,0.9208292494154959
42101003300,ES,3424,0.9942405923408013
42101007800,ES,1260,0.38230831598749637
42101007800,ES,1280,0.20694200325527862
42101007800,ES,1300,0.4106065064425013
42101007900,ES,1280,0.32736238650780947
42101007900,ES,1300,0.09245215214381142
42101007900,ES,1340,0.5015714877673177
42101007900,ES,3428,0.07861397358105683
42101008000,ES,1300,0.4647227549397287
42101008000,ES,3428,0.5352175450910731
42101008200,ES,1230,0.17894421210501354
42101008200,ES,1460,0.7863937528978786
42101008200,ES,3407,0.03415742865940829
42101008301,ES,1200,0.13917957993870056
42101008301,ES,1230,0.8607125100749957
42101003600,ES,2320,0.28520571174249426
42101003600,ES,2370,0.12321125748341852
42101003600,ES,3424,0.5915044622904689
42101003701,ES,2320,0.4385737120182307
42101003701,ES,2370,0.5614262879817732
42101003702,ES,2320,0.9999999999999997
42101003800,ES,2240,0.6294934433351793
42101003800,ES,2320,0.3705012342635804
42101003901,ES,2320,0.9998982065743549
42101003902,ES,2240,0.9151055724725194
42101003902,ES,2320,0.08489442422846456
42101004001,ES,2520,0.3381519194571948
42101004001,ES,2540,0.18178161973988802
42101004001,ES,2640,0.4655591664362987
42101015300,ES,3412,0.3927355711277954
42101015300,ES,4460,0.4590932179210376
42101015300,ES,4570,0.14803537955261292
42101025300,ES,6220,0.9999952722175492
42101035301,ES,8770,0.9998884080661561
42101031900,ES,7330,0.3623911314395061
42101031900,ES,7430,0.21289950988492484
42101031900,ES,7460,0.26180864719521346
42101031900,ES,8200,0.16286615234341656
42101028300,ES,3419,0.2678745569161939
42101028300,ES,7100,0.7321254430838071
42101008302,ES,1200,0.13704220482163126
42101008302,ES,1230,0.7241876071718455
42101008302,ES,3407,0.1385721761797031
42101008400,ES,1200,0.05804805939171295
42101008400,ES,1290,0.9415870610954814
42101008500,ES,3428,0.9997861533525176
42101009000,ES,1390,1.0
42101004002,ES,2190,0.16074155899023226
42101004002,ES,2520,0.7087502038794811
42101004002,ES,2540,0.11083443731693925
42101004101,ES,2540,0.40486323510409883
42101004101,ES,2640,0.394697398460426
42101004101,ES,2690,0.1512774922104557
42101004101,ES,2720,0.05010464322937042
42101011200,ES,4300,0.22135471830804038
42101011200,ES,4520,0.7786452816919623
42101002300,ES,2510,0.929402707198501
42101002300,ES,2720,0.05433508534551541
42101006200,ES,1380,0.17480850425764646
42101006200,ES,1400,0.8251914957423498
42101032300,ES,7330,0.4915607117943381
42101032300,ES,8240,0.5084392882056626
42101000600,ES,2340,0.9869049642455868
42101001500,ES,2380,0.36188070540365846
42101001500,ES,2510,0.6276419771194228
42101009200,ES,1470,0.9998115017111607
42101009300,ES,1410,0.48012649825936504
42101009300,ES,1470,0.3499980993520515
42101009300,ES,4520,0.16963773156997675
42101009400,ES,1200,0.4978985627951634
42101009400,ES,4520,0.5018184405024878
42101009500,ES,1200,0.767106711410457
42101009500,ES,4520,0.23289325564500862
42101009600,ES,1200,0.9228398274352314
42101009600,ES,4240,0.07716017256476358
42101010000,ES,4240,0.9999999839764782
42101010100,ES,4240,0.20163392360990817
42101010100,ES,4520,0.798143385733089
42101010200,ES,4520,0.9999126965014435
42101010300,ES,1410,0.4130569617066979
42101010300,ES,4520,0.5869430382936268
42101010400,ES,1410,0.6654785384032683
42101010400,ES,1470,0.3345201703352276
42101010500,ES,1410,0.2253476875446432
42101010500,ES,1420,0.28456510935022594
42101010500,ES,1470,0.3060345215888134
42101010500,ES,1490,0.18403982651897027
42101004201,ES,2630,0.8279894240222064
42101004201,ES,2690,0.11620173379018853
42101004201,ES,2720,0.05524640338159773
42101028800,ES,5490,0.024827432845605187
42101028800,ES,7200,0.946168443788251
42101028800,ES,7400,0.029004123366146772
42101011700,ES,4280,0.9999999999999994
42101016902,ES,4220,0.04626917809303548
42101016902,ES,4440,0.6510533692387497
42101016902,ES,4470,0.302677452668225
42101001400,ES,2450,0.4822092776949726
42101001400,ES,2470,0.30426395155616603
42101001400,ES,2480,0.21352677074886087
42101013200,ES,5480,0.07437154323991198
42101013200,ES,5560,0.9256284567600856
42101027000,ES,7260,0.6111199448315286
42101027000,ES,7350,0.38879743226320906
42101035602,ES,8430,0.9997443340104252
42101015101,ES,4220,0.9848384775754014
42101015102,ES,4220,0.262383133866263
42101015102,ES,4270,0.06457480648811435
42101015102,ES,4470,0.29588973432431753
42101015102,ES,4530,0.37700580734845174
42101031402,ES,8340,0.9999450786042207
42101016701,ES,4380,0.06030637577038633
42101016701,ES,4460,0.9369900652052842
42101027901,ES,3426,0.2880907981993419
42101027901,ES,6340,0.7118755202189113
42101027902,ES,3427,0.0476847000312797
42101027902,ES,6300,0.33781924475837166
42101027902,ES,6340,0.6144960552103526
42101008702,ES,1280,0.6973937935400617
42101008702,ES,1470,0.30260620645994435
42101008101,ES,1460,0.12764893049118373
42101008101,ES,3407,0.8714075204733005
42101007102,ES,1300,0.3935285801302882
42101007102,ES,1350,0.6061105593282861
42101008701,ES,1280,0.7507677996111081
42101008701,ES,1470,0.2492322003888909
42101008102,ES,3407,0.9997701555686278
42101001002,ES,2340,0.9998428507507731
42101030502,ES,7280,0.9646496371269387
42101031502,ES,8300,0.930895129575675
42101031502,ES,8340,0.06900791520389861
42101036501,MS,8160,0.9992579278348819
42101000801,MS,2470,0.9925586909301292
42101026301,MS,6210,0.9004059500365488
42101026301,MS,6350,0.09959404996344866
42101029200,MS,3421,0.2790563569496965
42101029200,MS,3422,0.13616324195941795
42101029200,MS,7110,0.5841235051453191
42101024400,MS,6360,0.9999999999999996
42101033200,MS,8130,0.9824602064302902
42101980200,MS,8130,0.15864536173707766
42101980200,MS,8160,0.3675696090910297
42101980200,MS,8210,0.05319394884080344
42101980200,MS,8270,0.02128127938626405
42101980200,MS,8380,0.10562212055093516
42101980200,MS,8410,0.15663015881842102
42101980200,MS,8430,0.13357069887821996
42101000200,MS,2340,0.9945112167386474
42101000300,MS,2470,0.6374321895288994
42101000300,MS,2490,0.36032796047750115
42101038700,MS,6270,0.9987738247379692
42101038800,MS,6250,0.0717747590719419
42101038800,MS,6260,0.9280365944394184
42101038900,MS,6200,0.8901403476932175
42101038900,MS,6360,0.1097185642989162
42101037900,MS,3423,0.09819254020945473
42101037900,MS,7470,0.9015661894740427
42101038200,MS,3423,0.9040896627658905
42101038200,MS,7300,0.02023270448327707
42101038200,MS,7470,0.07513687648173814
42101038000,MS,7110,0.2777112180681173
42101038000,MS,7290,0.7218380425668444
42101038100,MS,7110,0.19431427714436947
42101038100,MS,7470,0.16368648527545085
42101038100,MS,8130,0.3463080761902025
42101038100,MS,8210,0.0679450521089506
42101038100,MS,8240,0.22776492519414457
42101001001,MS,2340,0.9998337334226655
42101037300,MS,2190,0.026229891266897978
42101037300,MS,2240,0.9737701087333932
42101037200,MS,2190,0.5299180281399689
42101037200,MS,2690,0.46708746815865876
42101038400,MS,6380,0.9999986172840523
42101038600,MS,6250,0.30583573626594807
42101038600,MS,6260,0.06123453561513077
42101038600,MS,6270,0.6302836877463232
42101038500,MS,6270,0.9999999999999998
42101025500,MS,6260,0.9996626292746552
42101025600,MS,6260,0.9999447288137285
42101025700,MS,6260,0.20539854392213766
42101025700,MS,6270,0.7933754725823216
42101025800,MS,6270,0.9195998274871092
42101025800,MS,6310,0.07901063650769385
42101025900,MS,6210,0.06989487858491139
42101025900,MS,6310,0.9292885744853171
42101017602,MS,5390,0.21430900251170082
42101017602,MS,5580,0.7856909974869326
42101017800,MS,3423,0.9999733468271711
42101017900,MS,3423,0.9996632328737539
42101017701,MS,3423,0.32486641083409334
42101017701,MS,5580,0.6751335891659287
42101035601,MS,8160,1.0000000000000004
42101980400,MS,1130,0.33820772197340077
42101980400,MS,1440,0.6615523714357575
42101013402,MS,2490,0.9999999999999998
42101013601,MS,2210,0.6900056543774566
42101013601,MS,2390,0.30999434562253775
42101008801,MS,2050,1.0000000000000002
42101980500,MS,7100,0.17543933224866787
42101980500,MS,7730,0.8245606677517481
42101015200,MS,3412,0.5063024234365945
42101015200,MS,4270,0.41954202595762785
42101015200,MS,4350,0.03781524176126929
42101015200,MS,4460,0.03578863934547819
42101018300,MS,7470,0.9947212654556515
42101018400,MS,7470,0.989493633447463
42101019000,MS,7150,0.38414692376184084
42101019000,MS,7300,0.6153495958468123
42101019100,MS,3423,0.21801108300963712
42101019100,MS,7150,0.7109584428863011
42101019100,MS,7300,0.07070579163785774
42101019200,MS,3423,0.9998512108461112
42101019700,MS,7730,1.0
42101019800,MS,7510,0.416563166682679
42101019800,MS,7730,0.5834368333187848
42101019900,MS,7510,0.5481565887708671
42101019900,MS,7730,0.45157895639465523
42101020000,MS,7510,0.9996603250888846
42101020200,MS,3420,0.812698399759147
42101020200,MS,4350,0.08665635683850673
42101020200,MS,4360,0.10064524340452093
42101020300,MS,3420,0.192762720246932
42101020300,MS,6390,0.09448667529614088
42101020300,MS,7510,0.5233540292688966
42101020300,MS,7730,0.18521648123323162
42101020400,MS,6390,0.877547514039713
42101020400,MS,7100,0.11833474458957584
42101020500,MS,3420,0.173082126210773
42101020500,MS,6360,0.21235899773324185
42101020500,MS,6390,0.614544139521074
42101020600,MS,6320,0.87736576368178
42101020600,MS,6360,0.12263423631757765
42101020800,MS,6320,0.9999991674090821
42101020900,MS,6410,0.9985635442859503
42101021000,MS,6410,0.9990001614980925
42101021100,MS,6410,0.9999999999999999
42101021200,MS,6380,0.6281359120636902
42101021200,MS,6410,0.3718015593712539
42101021400,MS,6410,0.04822122504838323
42101021400,MS,6450,0.9517239277182183
42101021500,MS,6380,0.2928017483708944
42101021500,MS,6450,0.7071413402449788
42101015600,MS,5160,0.5052564462782282
42101015600,MS,5340,0.17734519372974464
42101015600,MS,5350,0.31739835999449006
42101015700,MS,5160,0.7807804917319536
42101015700,MS,5200,0.21921875938068663
42101015800,MS,5200,0.9999420574957313
42101016100,MS,5160,0.31033807059332075
42101016100,MS,5210,0.6887774268063427
42101016200,MS,5320,0.035178806880268566
42101016200,MS,5330,0.44694520322253284
42101016200,MS,5350,0.5171746254003806
42101016300,MS,5210,0.22782352722281896
42101016300,MS,5330,0.545043155972949
42101016300,MS,5420,0.22709896195686766
42101016400,MS,5320,0.5334557684940955
42101016400,MS,5420,0.46645374290157815
42101016500,MS,3416,0.35331935022260064
42101016500,MS,5320,0.646474167414167
42101016600,MS,3416,0.253526810445127
42101016600,MS,5320,0.7461824257892681
42101016002,MS,5160,0.9999059487524494
42101016001,MS,5160,0.9995878780131049
42101039002,MS,3421,0.46056376669757587
42101039002,MS,7110,0.5298591508499629
42101018801,MS,3423,0.9999999999999998
42101039001,MS,7110,0.4347427378218192
42101039001,MS,7280,0.4218712525834422
42101039001,MS,8120,0.13972849888319197
42101004104,MS,2190,0.7036120085916092
42101004104,MS,2690,0.2972107409635712
42101004103,MS,2190,0.20097992457268893
42101004103,MS,2640,0.49802175542662513
42101004103,MS,2690,0.30293330893292786
42101980702,MS,2630,0.4665510163145309
42101980702,MS,2690,0.4100704630361987
42101980702,MS,2720,0.12310813479161739
42101989200,MS,2190,0.22007524706581072
42101989200,MS,2240,0.3957995747242987
42101989200,MS,2690,0.3676080914449184
42101000102,MS,2340,1.0
42101036901,MS,1260,0.04995585673616399
42101036901,MS,2050,0.9470229420802184
42101001204,MS,2470,1.0
42101980001,MS,2210,0.054367473343799134
42101980001,MS,2390,0.19894544450506454
42101980001,MS,4220,0.6066701893497158
42101980001,MS,4440,0.11189060346360916
42101036902,MS,2050,0.9965546368652182
42101020702,MS,6320,0.993522361265914
42101013702,MS,2390,0.8012533013500289
42101013702,MS,4560,0.19874669864997976
42101020701,MS,6320,0.9919416028675495
42101012502,MS,2210,0.10945098840891261
42101012502,MS,2470,0.35831774342721023
42101012502,MS,2490,0.5273892762538768
42101018802,MS,3423,1.0000000000000002
42101014201,MS,5200,0.030843976570020335
42101014201,MS,5340,0.9689321925918915
42101014202,MS,5200,0.7705740299580693
42101014202,MS,5340,0.10873117361545583
42101014202,MS,5480,0.12069156048762351
42101000101,MS,2340,0.9999999999999999
42101980002,MS,1360,0.08969742868306853
42101980002,MS,1490,0.9046415464871002
42101980901,MS,1130,0.8776188091777519
42101980901,MS,1440,0.11863112941886923
42101000404,MS,2470,1.0000000000000002
42101012501,MS,2490,0.9996808840443788
42101000403,MS,2470,0.8731763385793209
42101000403,MS,2490,0.12557674077255204
42101000701,MS,2470,0.9999999999999996
42101000805,MS,2470,1.0
42101000806,MS,2470,1.0
42101989300,MS,3423,0.17863020436653435
42101989300,MS,7150,0.22999882295425603
42101989300,MS,7500,0.5785327260930759
42101016901,MS,4350,0.8802457014446179
42101016901,MS,4440,0.11975429855479412
42101017000,MS,4350,0.45698837159845723
42101017000,MS,6320,0.5417550371386965
42101017100,MS,4350,0.7661319160303406
42101017100,MS,4440,0.2338680839677979
42101017202,MS,4350,0.5181609046881085
42101017202,MS,4440,0.48183909531225183
42101027401,MS,7370,0.8605121785755679
42101027401,MS,7390,0.13948782142443314
42101020101,MS,3420,0.023371692251798703
42101020101,MS,4360,0.976391126243505
42101028901,MS,7150,0.33466893063508235
42101028901,MS,7500,0.6653310693649169
42101030501,MS,7280,0.9999067119058712
42101016702,MS,4460,0.9997824663204624
42101008802,MS,1280,0.4041430507562019
42101008802,MS,1470,0.1287540716960526
42101008802,MS,2050,0.4671028775477395
42101021600,MS,6380,0.9658013248852712
42101021600,MS,6450,0.034104547755046136
42101021700,MS,6380,0.999956370751877
42101021900,MS,6380,0.9999773498568811
42101022000,MS,6380,0.9998294960604991
42101023100,MS,6260,0.14605037515388114
42101023100,MS,6270,0.8539496248461202
42101023500,MS,6250,0.6786544848256448
42101023500,MS,6440,0.3213455151743518
42101023600,MS,6250,0.6988612453345648
42101023600,MS,6440,0.30113875466543377
42101023700,MS,6250,0.624733950898377
42101023700,MS,6260,0.20208666997429986
42101023700,MS,6440,0.17314096700200238
42101023900,MS,6440,0.9999999476263889
42101024000,MS,6360,0.7393776597403355
42101024000,MS,6440,0.2605261967860483
42101024100,MS,6360,0.6261876639939488
42101024100,MS,6440,0.37381233600894315
42101014900,MS,3412,0.10947103569719797
42101014900,MS,4220,0.22161155429007703
42101014900,MS,4530,0.1830159104497208
42101014900,MS,4560,0.48590142850199314
42101014700,MS,4570,0.9997834582523721
42101014800,MS,3412,0.8856688065321585
42101014800,MS,4570,0.11422828223868554
42101024200,MS,6360,0.9999999999999999
42101024300,MS,6360,0.9999997801170066
42101024500,MS,3426,0.05265342990881051
42101024500,MS,6360,0.947278666486662
42101024600,MS,6360,0.9998918041950381
42101017300,MS,4350,0.5846757227901165
42101017300,MS,4360,0.2649623789156461
42101017300,MS,4460,0.150269735147519
42101017400,MS,3416,0.9999999733882753
42101017500,MS,3416,0.21707381376865884
42101017500,MS,5170,0.16550886749493587
42101017500,MS,5390,0.5259218357652431
42101017500,MS,5680,0.09134400034628294
42101017601,MS,5170,0.8434548955985278
42101017601,MS,5390,0.12651686641396653
42101017601,MS,5580,0.029737905827722014
42101024700,MS,3426,0.48501073821985674
42101024700,MS,6360,0.5149653500429542
42101024900,MS,3426,0.9997392427710584
42101025200,MS,6360,0.9999705417535553
42101025400,MS,6200,0.690162497836029
42101025400,MS,6360,0.30983750216474065
42101001203,MS,2470,0.9999999999999998
42101001302,MS,2050,0.020427642003207784
42101001302,MS,2470,0.1183260146681676
42101001302,MS,2480,0.6950699293436852
42101001302,MS,3424,0.16617641398493513
42101013701,MS,2390,0.7436552334261651
42101013701,MS,4220,0.06314785251933085
42101013701,MS,4560,0.19315013485502402
42101980003,MS,2050,0.9931054563539484
42101001301,MS,2480,0.999431610107889
42101000702,MS,2470,0.9999999999999998
42101980701,MS,2190,0.10814172052126945
42101980701,MS,2690,0.8910108921326302
42101038301,MS,7730,0.9994690016579253
42101014600,MS,5250,0.9999212373825788
42101039100,MS,1130,0.28375208849367817
42101039100,MS,1260,0.7078253094599736
42101980902,MS,1260,0.08894975735227614
42101980902,MS,3424,0.9110502426477233
42101980904,MS,3424,0.9982243505417593
42101980903,MS,3424,1.0
42101980906,MS,1130,0.025311071384069597
42101980906,MS,2240,0.974071173158074
42101980905,MS,2240,0.998715489788609
42101036700,MS,2340,0.03957925023577952
42101036700,MS,5480,0.9417603867770111
42101037800,MS,3423,0.38167930362979646
42101037800,MS,5200,0.03686473273841111
42101037800,MS,7470,0.5800304515284728
42101037600,MS,5480,0.4631148658615554
42101037600,MS,5560,0.5366476083386903
42101014500,MS,5250,0.3379552056736777
42101014500,MS,5340,0.6620447943263141
42101031200,MS,8350,0.9999998747341712
42101021800,MS,6380,1.0000000000000002
42101009100,MS,2050,0.9999603148879939
42101033600,MS,8120,0.7003410765524954
42101033600,MS,8380,0.2996589234466468
42101004202,MS,2630,0.4535004956317793
42101004202,MS,2690,0.5464867680637822
42101016800,MS,4270,0.5018843289595826
42101016800,MS,4350,0.4979697084201612
42101007000,MS,1130,0.1719916680059318
42101007000,MS,1260,0.2604064997673448
42101007000,MS,1370,0.5676018322286966
42101029100,MS,3421,0.9736947315320331
42101029100,MS,7280,0.0251645589143915
42101980100,MS,6250,0.10817791568658687
42101980100,MS,6270,0.1667366098759387
42101980100,MS,6320,0.06585061848972246
42101980100,MS,6380,0.3857851464613179
42101980100,MS,6410,0.19417819404355258
42101980100,MS,6440,0.0792700624569193
42101021300,MS,6450,0.9994922917495235
42101030000,MS,3422,0.04755743856063002
42101030000,MS,7110,0.7874057382189895
42101030000,MS,7290,0.16503669522844008
42101013300,MS,2490,0.9996477496424948
42101026100,MS,6210,0.9998358065492214
42101026200,MS,6200,0.33548487986531905
42101026200,MS,6210,0.6015578317801678
42101026200,MS,6350,0.062957288354504
42101026302,MS,6350,0.9999226927480265
42101026400,MS,6200,0.510618067944801
42101026400,MS,6350,0.48938193190434487
42101026500,MS,6200,0.11708513819657528
42101026500,MS,6350,0.13775973533821298
42101026500,MS,7130,0.7451107225004138
42101026600,MS,6350,0.06791919561888646
42101026600,MS,7130,0.9304151134514628
42101026700,MS,7130,0.9999955102209912
42101026900,MS,7130,0.8435261444733485
42101026900,MS,7270,0.15474558835239283
42101027100,MS,7270,0.31129906441508354
42101027100,MS,7370,0.6886985507612945
42101027200,MS,7270,0.9954303535442308
42101027300,MS,7270,0.3833753083130004
42101027300,MS,7370,0.4643304502266543
42101027300,MS,7400,0.15198988204801325
42101036201,MS,8390,0.9999403687309046
42101036202,MS,8390,0.9999800249079212
42101027700,MS,3426,0.2318197596466973
42101027700,MS,7130,0.7681802403525859
42101027800,MS,7130,0.9999329337086124
42101028000,MS,6360,0.8022612075336443
42101028000,MS,6390,0.19771454734625044
42101027600,MS,7130,0.9977463889165412
42101028200,MS,3419,0.5856087460616802
42101028200,MS,5500,0.10659634865009404
42101028200,MS,7130,0.2801424646654145
42101028200,MS,7370,0.027652440623604765
42101028400,MS,3419,0.22959596341484073
42101028400,MS,5500,0.32802450181306103
42101028400,MS,7100,0.2826716980591941
42101028400,MS,7730,0.1589226782045789
42101028500,MS,5500,0.9995383942620166
42101028600,MS,7390,0.7874456239212788
42101028600,MS,7400,0.21255203009213985
42101028700,MS,5500,0.02254834670988538
42101028700,MS,7390,0.08349653440026811
42101028700,MS,7500,0.329381928479782
42101028700,MS,7730,0.5645572765871688
42101029000,MS,7400,0.9993169219680994
42101029300,MS,7110,0.9934068722926599
42101029400,MS,7290,0.9998456330142148
42101036203,MS,8390,0.9984326370920397
42101009801,MS,4320,0.9991519752137432
42101012201,MS,1490,1.0
42101007101,MS,1260,0.19631770835591186
42101007101,MS,1370,0.803682291644103
42101002801,MS,2580,0.6668194363186701
42101002801,MS,2640,0.3329877020265662
42101029800,MS,7110,0.9999999999999998
42101029900,MS,7110,0.8862760270124572
42101029900,MS,7290,0.11372397298674959
42101030100,MS,3422,0.5186392463968156
42101030100,MS,7110,0.48136075360332764
42101030200,MS,3422,0.9998428376103455
42101030600,MS,8120,0.9864237028555192
42101036301,MS,8420,0.9981506740210406
42101036302,MS,8420,0.9998047916952135
42101036303,MS,8420,0.999856036554371
42101036400,MS,8160,0.4038782606323602
42101036400,MS,8420,0.595970604815989
42101030700,MS,8120,0.999866177898567
42101030800,MS,8120,0.9999999999999987
42101030900,MS,7110,0.8105649160595626
42101030900,MS,8120,0.1894350839404328
42101031000,MS,8120,0.999977396051865
42101031300,MS,8350,0.9999517781870768
42101031600,MS,8200,0.7407296169619746
42101031600,MS,8300,0.2375090406885802
42101031600,MS,8350,0.021482807888353123
42101031700,MS,7460,0.2832558253354404
42101031700,MS,8200,0.6844501708586733
42101031700,MS,8350,0.03228273268747113
42101031800,MS,7460,0.7752049028893329
42101031800,MS,8200,0.11451272962360422
42101031800,MS,8350,0.11011536527543989
42101032000,MS,7110,0.26883725612353143
42101032000,MS,8200,0.2084561275615916
42101032000,MS,8240,0.5227066163160229
42101032100,MS,7110,0.9999999999999999
42101032500,MS,8240,1.0000000000000007
42101032600,MS,8130,0.6271333895767864
42101032600,MS,8240,0.37286661042290503
42101989100,MS,8210,0.6921666995020612
42101989100,MS,8270,0.30756871428677374
42101032900,MS,8130,0.2742152409357907
42101032900,MS,8210,0.7257847600749759
42101033000,MS,8130,0.9999999999999989
42101033300,MS,8120,0.03609778059481959
42101033300,MS,8130,0.9318549961601508
42101033300,MS,8380,0.03204722343569312
42101033400,MS,8120,0.8152976178502517
42101033400,MS,8380,0.18470238214968646
42101033800,MS,8120,0.6889064696545792
42101033800,MS,8160,0.3110935303454189
42101033900,MS,8120,0.36236217129654047
42101033900,MS,8160,0.6376344775407576
42101034000,MS,8160,0.9999609072958273
42101034100,MS,8160,0.9999935016696374
42101034200,MS,8160,0.09027635931692214
42101034200,MS,8430,0.9096682683782434
42101034400,MS,8160,0.38687214287540617
42101034400,MS,8430,0.6131107795017396
42101034600,MS,8410,0.9823482676028771
42101034701,MS,8160,0.025540788231819527
42101034701,MS,8410,0.9744592117695332
42101008602,MS,1280,0.03976400720029631
42101008602,MS,1340,0.3673232091445296
42101008602,MS,1470,0.5929127836551854
42101009802,MS,4320,0.9992766626317355
42101037500,MS,4280,0.0957256802437577
42101037500,MS,4320,0.23667271794016262
42101037500,MS,4370,0.6671028821756726
42101018001,MS,3423,1.0000000000000004
42101011000,MS,1360,0.07087610144348083
42101011000,MS,1490,0.9291238985561124
42101011100,MS,1410,0.1450153664840754
42101011100,MS,1490,0.40316237720778025
42101011100,MS,4300,0.4517868719493387
42101011300,MS,4300,0.3118318912098456
42101011300,MS,4520,0.6881680991423496
42101011400,MS,4240,0.06652783808150152
42101011400,MS,4280,0.1238532479573098
42101011400,MS,4370,0.6037759857101119
42101011400,MS,4520,0.2057998947906216
42101011500,MS,4240,0.999987430012426
42101011800,MS,1490,0.5593492053013884
42101011800,MS,4280,0.35951013960705647
42101011800,MS,4300,0.048062694363336676
42101011800,MS,4520,0.033077960726317086
42101011900,MS,1490,0.8848840265472873
42101011900,MS,4300,0.11511409447050155
42101012000,MS,4280,0.9996491041894326
42101012100,MS,1490,0.9988623902578126
42101013100,MS,5480,1.0000000000000004
42101013500,MS,2210,0.806657997587046
42101013500,MS,2490,0.19334200241295368
42101003002,MS,2260,1.0
42101031401,MS,8120,0.9999209624200447
42101013401,MS,2210,0.7551796351600452
42101013401,MS,2490,0.2448203648399525
42101018002,MS,3423,0.9999999999999998
42101013800,MS,2390,0.8053364722380856
42101013800,MS,4560,0.19442783121390897
42101013900,MS,2210,0.5115885609744601
42101013900,MS,2390,0.1195741541692774
42101013900,MS,4560,0.03859161830649488
42101013900,MS,4570,0.3254225650577094
42101014100,MS,5250,0.2553769344994722
42101014100,MS,5340,0.5491456979564322
42101014100,MS,5560,0.1953464300970075
42101035701,MS,8160,0.9999892071022815
42101035702,MS,8160,0.9998952853177331
42101033701,MS,8380,1.0000000000000002
42101033702,MS,8160,0.09304918232214386
42101033702,MS,8380,0.9069368286087204
42101020102,MS,3420,0.8048028059563811
42101020102,MS,4360,0.19509613653344668
42101031101,MS,7110,0.725964911095125
42101031101,MS,8120,0.2736788655401119
42101031102,MS,7110,0.999663754996186
42101019502,MS,5580,0.7031050446892472
42101019502,MS,5680,0.29674679390537334
42101019501,MS,5580,0.5980120416015204
42101019501,MS,5680,0.4017693539576774
42101028902,MS,7400,0.046199318689939796
42101028902,MS,7500,0.9508086318066267
42101033101,MS,8130,0.9999978751971521
42101033102,MS,8130,0.32688995401380894
42101033102,MS,8210,0.6735074425980895
42101031501,MS,8130,0.30724824722917454
42101031501,MS,8300,0.6925033086739212
42101001102,MS,2340,0.9996693234954528
42101000803,MS,2470,1.0000000000000002
42101017201,MS,4350,1.0
42101980800,MS,4240,0.3213536376845964
42101980800,MS,4320,0.6237736173699935
42101980800,MS,4370,0.04796896167986502
42101008601,MS,1280,0.26188402553827034
42101008601,MS,1340,0.7381159744617313
42101037700,MS,5250,0.6563229506540992
42101037700,MS,5350,0.3436153789500029
42101010700,MS,1490,0.31218186841285706
42101010700,MS,3368,0.6876551977199867
42101010800,MS,1360,0.6414407123238266
42101010800,MS,2050,0.025933652539189268
42101010800,MS,3368,0.33262129034972737
42101010600,MS,1420,0.4280957480447764
42101010600,MS,1470,0.5717192287408394
42101005400,MS,1440,0.9994516814006553
42101005500,MS,1440,0.9907356201662105
42101005600,MS,1440,1.0
42101000500,MS,2340,0.9964572645862511
42101034803,MS,8270,0.9999999999999999
42101006000,MS,1130,0.9752133767405434
42101006000,MS,1440,0.02478662325866472
42101006100,MS,1130,0.9999999999999997
42101006300,MS,1130,0.9999950211987412
42101006400,MS,1130,0.9992811627891843
42101026800,MS,7130,0.999523599371597
42101014400,MS,5160,0.6062983211615641
42101014400,MS,5200,0.10108781874047357
42101014400,MS,5340,0.292613860101231
42101036600,MS,2340,0.39380874612221134
42101036600,MS,2380,0.17981837959125205
42101036600,MS,2590,0.06258158309200808
42101036600,MS,2720,0.24039848847953682
42101036600,MS,5480,0.12242122316520472
42101012204,MS,1490,0.9986995113905163
42101012203,MS,1490,0.9952158862877674
42101013602,MS,2210,0.291758902259598
42101013602,MS,2390,0.708241097740401
42101034502,MS,8160,1.0000000000000004
42101000902,MS,2340,0.9999999999999997
42101001201,MS,2050,0.021982013647041693
42101001201,MS,2470,0.9779966772935857
42101002702,MS,2720,0.9998179676279215
42101028100,MS,6360,0.999629892618454
42101035302,MS,8390,0.28768436100533606
42101035302,MS,8770,0.7122703044726068
42101002000,MS,2450,0.6266971847874372
42101002000,MS,3424,0.37062295051122324
42101014300,MS,5200,0.9999527683519268
42101001101,MS,2340,0.9719180923450593
42101001101,MS,2470,0.02770347148561428
42101027402,MS,7270,0.1506237872073537
42101027402,MS,7370,0.7840098383327591
42101027402,MS,7390,0.06508535003782641
42101036502,MS,8160,0.9995168361383221
42101000401,MS,2470,0.9974502157984529
42101034501,MS,8160,0.9999999999999998
42101000901,MS,2340,0.9698313352910717
42101000901,MS,2470,0.03016866470892813
42101017702,MS,5580,0.9849560799172037
42101023800,MS,6440,0.999981277303735
42101010900,MS,1360,0.999591574751893
42101024800,MS,3426,0.4276878452417046
42101024800,MS,6360,0.5723121547563513
42101033500,MS,8120,1.0000000000000004
42101007700,MS,1260,0.5001005907423179
42101007700,MS,1280,0.4996685952682358
42101014000,MS,2210,0.05396147763061745
42101014000,MS,4570,0.9457092799031575
42101003001,MS,2260,0.6659002739927342
42101003001,MS,3418,0.3340997260072801
42101002802,MS,2580,0.34572324747709926
42101002802,MS,2640,0.6540618581266197
42101002701,MS,2580,0.5000323124813381
42101002701,MS,2720,0.49996754159882734
42101980600,MS,2190,0.8099056388824403
42101980600,MS,2240,0.1900943611181485
42101034702,MS,8410,0.9999999999999997
42101034801,MS,8210,0.03140501692534008
42101034801,MS,8270,0.8788753398070984
42101034801,MS,8410,0.08971964326756193
42101034802,MS,8270,0.7461069950048945
42101034802,MS,8410,0.25389300499510514
42101034900,MS,8210,0.30608154293144774
42101034900,MS,8270,0.6939184570685522
42101035100,MS,8270,0.8573631188457026
42101035100,MS,8770,0.13985556078455635
42101035200,MS,8270,0.7596034088467963
42101035200,MS,8770,0.23932722064599468
42101980300,MS,8390,0.9823509143767205
42101035500,MS,8160,1.0000000000000002
42101035800,MS,8160,0.9999310724558897
42101035900,MS,8160,0.9999999999999999
42101036000,MS,8160,0.9999999999999997
42101036100,MS,8160,0.6116841388394179
42101036100,MS,8390,0.3883157801986974
42101026000,MS,6210,0.8286156630640464
42101026000,MS,6310,0.1701405242786141
42101027500,MS,5500,0.1454252945967251
42101027500,MS,7370,0.854521511432913
42101006500,MS,1130,0.32859835139294563
42101006500,MS,1350,0.2748739050619429
42101006500,MS,1370,0.1347489951863199
42101006500,MS,1460,0.259317082140439
42101006600,MS,1130,0.7090850984690205
42101006600,MS,1370,0.2909149015289164
42101006700,MS,1130,1.0000000000000002
42101007200,MS,1300,0.40393548770563126
42101007200,MS,1350,0.22756496866891093
42101007200,MS,1460,0.1956812995203473
42101007200,MS,3407,0.1728182441051056
42101001600,MS,2380,0.9999368002534742
42101001700,MS,2380,0.9190319855688981
42101001700,MS,2590,0.080968014431102
42101007300,MS,1260,0.18213114092195445
42101007300,MS,1300,0.8178688590780444
42101007400,MS,1260,1.0
42101001800,MS,2380,0.2335468127024037
42101001800,MS,2510,0.5506335139599026
42101001800,MS,2590,0.20548874600277484
42101001900,MS,2450,0.6925171789689252
42101001900,MS,2480,0.3074828210310731
42101002100,MS,2450,0.9994889529985739
42101002200,MS,2260,0.4495200924031308
42101002200,MS,2450,0.550479907596869
42101002400,MS,2510,0.45957104729182274
42101002400,MS,2590,0.29592398411548276
42101002400,MS,2720,0.2372659792382461
42101002500,MS,2590,0.5308953573926357
42101002500,MS,2720,0.4691046426073651
42101002900,MS,2510,0.9729145864820201
42101003100,MS,2260,0.5421936856216876
42101003100,MS,2370,0.45776120081749705
42101003200,MS,2260,0.07917075058450401
42101003200,MS,2370,0.9208292494154959
42101003300,MS,3424,0.9942405923408013
42101007800,MS,1260,0.38230831598749637
42101007800,MS,1280,0.20694200325527862
42101007800,MS,1300,0.4106065064425013
42101007900,MS,1280,0.32736238650780947
42101007900,MS,1300,0.09245215214381142
42101007900,MS,1340,0.5015714877673177
42101007900,MS,3428,0.07861397358105683
42101008000,MS,1300,0.4647227549397287
42101008000,MS,3428,0.5352175450910731
42101008200,MS,1230,0.17894421210501354
42101008200,MS,1460,0.7863937528978786
42101008200,MS,3407,0.03415742865940829
42101008301,MS,1200,0.13917957993870056
42101008301,MS,1230,0.8607125100749957
42101003600,MS,2370,0.12321125748341852
42101003600,MS,3418,0.28520571174249426
42101003600,MS,3424,0.5915044622904689
42101003701,MS,2370,0.5614262879817732
42101003701,MS,3418,0.4385737120182307
42101003702,MS,3418,0.9999999999999997
42101003800,MS,2240,0.6294934433351793
42101003800,MS,3418,0.3705012342635804
42101003901,MS,3418,0.9998982065743549
42101003902,MS,2240,0.9151055724725194
42101003902,MS,3418,0.08489442422846456
42101004001,MS,2190,0.3381519194572236
42101004001,MS,2640,0.6473406547648984
42101015300,MS,3412,0.3927355711277954
42101015300,MS,4460,0.4590932179210376
42101015300,MS,4570,0.14803537955261292
42101025300,MS,6360,0.9999952722176556
42101035301,MS,8770,0.9998884080661561
42101031900,MS,7110,0.5753252004614466
42101031900,MS,7460,0.26180864719521346
42101031900,MS,8200,0.16286615234341656
42101028300,MS,3419,0.2678745569161939
42101028300,MS,7100,0.7321254430838071
42101008302,MS,1200,0.13704220482163126
42101008302,MS,1230,0.7241876071718455
42101008302,MS,3407,0.1385721761797031
42101008400,MS,1200,0.05804805939171295
42101008400,MS,1290,0.9415870610954814
42101008500,MS,3428,0.9997861533525176
42101009000,MS,2050,1.0
42101004002,MS,2190,0.8694917628705411
42101004002,MS,2640,0.11083443731425373
42101004101,MS,2640,0.7995601750773991
42101004101,MS,2690,0.1512774922104557
42101004101,MS,2720,0.05010464322937042
42101011200,MS,4300,0.22135471830804038
42101011200,MS,4520,0.7786452816919623
42101002300,MS,2510,0.929402707198501
42101002300,MS,2720,0.05433508534551541
42101006200,MS,1130,1.0000000000000004
42101032300,MS,7110,0.49156071179563415
42101032300,MS,8240,0.5084392882056626
42101000600,MS,2340,0.9869049642455868
42101001500,MS,2380,0.36188070540365846
42101001500,MS,2510,0.6276419771194228
42101009200,MS,1470,0.9998115017111607
42101009300,MS,1410,0.48012649825936504
42101009300,MS,1470,0.3499980993520515
42101009300,MS,4520,0.16963773156997675
42101009400,MS,1200,0.4978985627951634
42101009400,MS,4520,0.5018184405024878
42101009500,MS,1200,0.767106711410457
42101009500,MS,4520,0.23289325564500862
42101009600,MS,1200,0.9228398274352314
42101009600,MS,4240,0.07716017256476358
42101010000,MS,4240,0.9999999839764782
42101010100,MS,4240,0.20163392360990817
42101010100,MS,4520,0.798143385733089
42101010200,MS,4520,0.9999126965014435
42101010300,MS,1410,0.4130569617066979
42101010300,MS,4520,0.5869430382936268
42101010400,MS,1410,0.6654785384032683
42101010400,MS,1470,0.3345201703352276
42101010500,MS,1410,0.2253476875446432
42101010500,MS,1420,0.28456510935022594
42101010500,MS,1470,0.3060345215888134
42101010500,MS,1490,0.1840398265179148
42101004201,MS,2630,0.8279894240222064
42101004201,MS,2690,0.11620173379018853
42101004201,MS,2720,0.05524640338159773
42101028800,MS,7400,0.029004123366146772
42101028800,MS,7500,0.946168443788251
42101028800,MS,7730,0.024827432846262067
42101011700,MS,4280,0.9999999999999994
42101016902,MS,4220,0.04626917809303548
42101016902,MS,4350,0.30267745266714746
42101016902,MS,4440,0.6510533692387497
42101001400,MS,2450,0.4822092776949726
42101001400,MS,2470,0.30426395155616603
42101001400,MS,2480,0.21352677074886087
42101013200,MS,5480,0.07437154323991198
42101013200,MS,5560,0.9256284567600856
42101027000,MS,7130,0.6112025677375474
42101027000,MS,7370,0.38879743226320906
42101035602,MS,8430,0.9997443340104252
42101015101,MS,4220,0.9848384775754014
42101015102,MS,4220,0.262383133866263
42101015102,MS,4270,0.06457480648811435
42101015102,MS,4350,0.2958897343217968
42101015102,MS,4530,0.37700580734845174
42101031402,MS,8120,0.9999450786018637
42101016701,MS,4350,0.06030637577043394
42101016701,MS,4460,0.9369900652052842
42101027901,MS,3426,0.2880907981993419
42101027901,MS,7130,0.7119092017981897
42101027902,MS,6360,0.3855039447894865
42101027902,MS,7130,0.6144960552105116
42101008702,MS,1280,0.6973937935400617
42101008702,MS,1470,0.30260620645994435
42101008101,MS,1460,0.12764893049118373
42101008101,MS,3407,0.8714075204733005
42101007102,MS,1300,0.3935285801302882
42101007102,MS,1350,0.6061105593282861
42101008701,MS,1280,0.7507677996111081
42101008701,MS,1470,0.2492322003888909
42101008102,MS,3407,0.9997701555686278
42101001002,MS,2340,0.9998428507507731
42101030502,MS,7280,0.9646496371269387
42101031502,MS,8120,0.0690085594168162
42101031502,MS,8300,0.930895129575675
42101036501,HS,8030,0.9992579278348819
42101000801,HS,2010,0.9925586909323666
42101026301,HS,6060,0.9999999999999998
42101029200,HS,7010,0.6836504850512016
42101029200,HS,7120,0.3159845184942364
42101024400,HS,6060,0.9999999999999996
42101033200,HS,8010,0.9828593043565805
42101980200,HS,8010,0.38973538830320853
42101980200,HS,8020,0.10884152608920264
42101980200,HS,8030,0.5011403079693537
42101000200,HS,2010,1.0000000000000004
42101000300,HS,2010,0.9978198696913165
42101038700,HS,6030,0.9987738247387496
42101038800,HS,6030,0.9999999999999998
42101038900,HS,6060,1.0
42101037900,HS,5700,0.09819254020945473
42101037900,HS,7010,0.9015661894747625
42101038200,HS,5700,0.9040896627658905
42101038200,HS,7010,0.09584136349309401
42101038000,HS,7010,0.9998038141234218
42101038100,HS,7010,0.3578304978221265
42101038100,HS,8010,0.6420180534943114
42101001001,HS,2010,0.9998337334226644
42101037300,HS,2000,0.9999999999999998
42101037200,HS,2000,0.5335048405752091
42101037200,HS,2160,0.46708746815857544
42101038400,HS,6030,0.9999999672574973
42101038600,HS,6030,0.9999999999999996
42101038500,HS,6030,0.9999999999999998
42101025500,HS,6030,0.9996626292755656
42101025600,HS,6030,0.9999664949379686
42101025700,HS,6030,0.9987740165071246
42101025800,HS,6030,0.9197182212108966
42101025800,HS,6060,0.07921720516525602
42101025900,HS,6060,0.9991834530707076
42101017602,HS,5020,1.0
42101017800,HS,5700,0.9999974471330855
42101017900,HS,5700,0.9996632709952141
42101017701,HS,5020,0.6751335891659287
42101017701,HS,5700,0.32486641083409334
42101035601,HS,8030,1.0000000000000004
42101980400,HS,1010,0.9997600934107088
42101013402,HS,2010,0.9999999999999998
42101013601,HS,2010,0.690005654374466
42101013601,HS,5180,0.30999434562553646
42101008801,HS,1020,1.0000000000000002
42101980500,HS,5020,0.8245606677517481
42101980500,HS,7060,0.17543933224825334
42101015200,HS,3416,0.03578863934651702
42101015200,HS,4140,0.9642113514171571
42101018300,HS,7010,0.9999549115629467
42101018400,HS,7010,0.9994871971277646
42101019000,HS,7010,0.9998410437691656
42101019100,HS,5700,0.21801108300963712
42101019100,HS,7010,0.7819600126817451
42101019200,HS,5700,0.9998512108461112
42101019700,HS,5020,1.0
42101019800,HS,3416,0.41656316668122
42101019800,HS,5020,0.5834368333187848
42101019900,HS,3416,0.5482608238522871
42101019900,HS,5020,0.4517391761477127
42101020000,HS,3416,0.9999999999999998
42101020200,HS,3416,0.9133436431614917
42101020200,HS,4140,0.08665635683850673
42101020300,HS,3416,0.8147835187667627
42101020300,HS,5020,0.18521648123323162
42101020400,HS,3416,0.8815667572134575
42101020400,HS,7060,0.11833474458893893
42101020500,HS,3416,0.7876262657301868
42101020500,HS,6060,0.21235899773324185
42101020600,HS,6030,0.8773657636824196
42101020600,HS,6060,0.12263423631757765
42101020800,HS,6030,0.9999991674090805
42101020900,HS,6030,0.9985635442859437
42101021000,HS,6030,0.9990010949149336
42101021100,HS,6030,0.9999999999999999
42101021200,HS,6030,1.0000000000000002
42101021400,HS,6030,0.9999451527652102
42101021500,HS,6030,0.9999430886157039
42101015600,HS,5160,0.6826016400071013
42101015600,HS,5700,0.31739835999290106
42101015700,HS,5160,0.9999992511125072
42101015800,HS,5160,1.0
42101016100,HS,5160,0.3107030993733249
42101016100,HS,5700,0.689296900626664
42101016200,HS,5700,0.9997455428291605
42101016300,HS,5700,0.9999999999999997
42101016400,HS,5700,0.9999956927546544
42101016500,HS,3416,0.35331935022325683
42101016500,HS,5700,0.6466573023408584
42101016600,HS,3416,0.2535268104454589
42101016600,HS,5700,0.7461824257924011
42101016002,HS,5160,0.9999912213175454
42101016001,HS,5160,0.999665990312326
42101039002,HS,7120,1.0
42101018801,HS,5700,0.9999999999999998
42101039001,HS,7120,0.8566216751295165
42101039001,HS,8020,0.13972900487422402
42101004104,HS,2000,0.7036120086412625
42101004104,HS,2160,0.29721074096009215
42101004103,HS,2000,0.6990030541594128
42101004103,HS,2160,0.3029333089328462
42101980702,HS,2160,0.9993186657257378
42101989200,HS,2000,0.6158748226519808
42101989200,HS,2160,0.367608091445446
42101000102,HS,2010,1.0
42101036901,HS,1010,0.0499558567362245
42101036901,HS,1020,0.9470817845891656
42101001204,HS,2010,1.0
42101980001,HS,2010,0.05437243603600048
42101980001,HS,4140,0.719326123580559
42101980001,HS,5180,0.19894544450525842
42101036902,HS,1020,0.9965546368649398
42101020702,HS,6030,0.9935223612663968
42101013702,HS,4140,0.19874669865075992
42101013702,HS,5180,0.8012533013492437
42101020701,HS,6030,0.9919416028677495
42101012502,HS,2010,0.9951580080912258
42101018802,HS,5700,1.0000000000000002
42101014201,HS,5160,0.9997761691623428
42101014202,HS,2010,0.1206915604882745
42101014202,HS,5160,0.8793053553110782
42101000101,HS,2010,0.9999999999999999
42101980002,HS,1020,0.08970643815453562
42101980002,HS,4020,0.9046538927994678
42101980901,HS,1010,0.9962499385967777
42101000404,HS,2010,1.0000000000000002
42101012501,HS,2010,1.0
42101000403,HS,2010,1.0000000000000002
42101000701,HS,2010,0.9999999999999996
42101000805,HS,2010,1.0
42101000806,HS,2010,1.0
42101989300,HS,5700,0.17863020436653435
42101989300,HS,7010,0.2299988229548343
42101989300,HS,7060,0.5785327260925861
42101016901,HS,4140,1.0000000000000002
42101017000,HS,4140,0.45704046484221944
42101017000,HS,6030,0.5417550371387135
42101017100,HS,4140,0.9999999999999991
42101017202,HS,4140,1.0000000000000002
42101027401,HS,7060,0.1394878214255955
42101027401,HS,7120,0.8605121785744027
42101020101,HS,3416,0.9999999999999998
42101028901,HS,7010,0.33466893063391034
42101028901,HS,7060,0.6653310693660917
42101030501,HS,7120,1.0000000000000002
42101016702,HS,3416,0.9998308563272145
42101008802,HS,1020,0.9999999999999996
42101021600,HS,6030,0.9999058726404225
42101021700,HS,6030,1.0000000000000004
42101021900,HS,6030,0.9999773498567348
42101022000,HS,6030,0.9998294960604623
42101023100,HS,6030,0.9999999999999996
42101023500,HS,6030,0.9999999999999984
42101023600,HS,6030,0.9999999999999998
42101023700,HS,6030,0.9999615878760761
42101023900,HS,6030,0.9999999999999998
42101024000,HS,6030,0.26062234025965786
42101024000,HS,6060,0.7393776597403355
42101024100,HS,6030,0.37381233600604424
42101024100,HS,6060,0.6261876639939488
42101014900,HS,4140,0.9999999289389886
42101014700,HS,5180,0.9997834582551992
42101014800,HS,4140,0.8856688065387233
42101014800,HS,5180,0.11433119346127546
42101024200,HS,6060,0.9999999999999999
42101024300,HS,6060,0.9999997801170066
42101024500,HS,6060,1.0000000000000004
42101024600,HS,6060,0.9998918041950381
42101017300,HS,3416,0.4153242772098834
42101017300,HS,4140,0.5846757227901165
42101017400,HS,3416,0.9999999733882793
42101017500,HS,3416,0.21707381377096888
42101017500,HS,5020,0.7827747036070516
42101017601,HS,5020,0.9997096678394121
42101024700,HS,6060,0.9999999999999994
42101024900,HS,6060,0.9999999999999999
42101025200,HS,6060,0.9999705417535553
42101025400,HS,6060,0.9999999999999999
42101001203,HS,2010,0.9999999999999998
42101001302,HS,1020,0.020427642004265327
42101001302,HS,2010,0.11832601466845018
42101001302,HS,3417,0.8612463433272701
42101013701,HS,4140,0.25634476657825594
42101013701,HS,5180,0.743655233421756
42101980003,HS,1020,0.9931054563528291
42101001301,HS,3417,0.9994332196400676
42101000702,HS,2010,0.9999999999999998
42101980701,HS,2000,0.10814172052126945
42101980701,HS,2160,0.8910108921340469
42101038301,HS,5020,0.9996076638791175
42101014600,HS,2010,0.9999212373822293
42101039100,HS,1010,0.9915773979540504
42101980902,HS,1010,0.08894975735486196
42101980902,HS,3417,0.9110502426451436
42101980904,HS,3417,0.998224350540987
42101980903,HS,3417,1.0
42101980906,HS,1010,0.025311071384069597
42101980906,HS,2000,0.9740711731581836
42101980905,HS,2000,0.9987154897887536
42101036700,HS,2010,0.9813396370127668
42101037800,HS,5160,0.037425852047727456
42101037800,HS,5700,0.38167930362979646
42101037800,HS,7010,0.5800304515281705
42101037600,HS,2010,0.9999999999999998
42101014500,HS,2010,0.33795520567722365
42101014500,HS,5160,0.6620447943227769
42101031200,HS,8020,0.9999998747341571
42101021800,HS,6030,1.0000000000000002
42101009100,HS,1020,1.0000000000000002
42101033600,HS,8020,1.0000000000000004
42101004202,HS,2160,0.9990793035164518
42101016800,HS,4140,0.9998540373836633
42101007000,HS,1010,1.0000000000000002
42101029100,HS,7120,0.9991928419916346
42101980100,HS,6030,0.9999985470140375
42101021300,HS,6030,0.9999999999999997
42101030000,HS,7010,1.0
42101013300,HS,2010,0.9999999999999998
42101026100,HS,6060,0.9999122250895439
42101026200,HS,6060,0.9999999999999997
42101026302,HS,6060,0.9999821397743734
42101026400,HS,6060,0.9999999999999993
42101026500,HS,6060,1.0
42101026600,HS,6060,0.998334309069712
42101026700,HS,6060,1.0
42101026900,HS,6060,0.8435261444733485
42101026900,HS,7120,0.15477536056572114
42101027100,HS,7120,0.9999976151763489
42101027200,HS,7120,0.9999438747126982
42101027300,HS,7060,0.15198988204626165
42101027300,HS,7120,0.8480101179537407
42101036201,HS,8030,0.9999999999999999
42101036202,HS,8030,0.9999999999999997
42101027700,HS,6060,1.0
42101027800,HS,6060,0.9999994533087438
42101028000,HS,3416,0.19771454734762015
42101028000,HS,6060,0.8022612075336443
42101027600,HS,6060,0.9977463889165412
42101028200,HS,6060,0.2801424646654145
42101028200,HS,7060,0.692205094711134
42101028200,HS,7120,0.02765244062345525
42101028400,HS,5020,0.1589226782045789
42101028400,HS,7060,0.841077321795422
42101028500,HS,7060,1.0000000000000004
42101028600,HS,7060,0.9999976540134337
42101028700,HS,5020,0.5645572765871688
42101028700,HS,7060,0.4354427234128273
42101029000,HS,7060,0.9993169219679027
42101029300,HS,7010,0.9950512520420328
42101029400,HS,7010,0.9998637978908483
42101036203,HS,8030,0.9984481008146711
42101009801,HS,4020,0.9991519752129164
42101012201,HS,4020,1.0
42101007101,HS,1010,1.0
42101002801,HS,2000,0.3329877020265662
42101002801,HS,2160,0.6670122979734392
42101029800,HS,7010,0.9999999999999998
42101029900,HS,7010,1.0000000000000002
42101030100,HS,7010,1.0
42101030200,HS,7010,1.0
42101030600,HS,8020,0.9864237028555192
42101036301,HS,8030,0.9983762881780156
42101036302,HS,8030,1.0000000000000002
42101036303,HS,8030,0.9998560365544806
42101036400,HS,8030,0.9998488690369877
42101030700,HS,8020,0.999866177898567
42101030800,HS,8020,0.9999999999999987
42101030900,HS,7120,0.8105649160595626
42101030900,HS,8020,0.1894350839404328
42101031000,HS,8020,0.9999999999999999
42101031300,HS,8020,0.9999999999999999
42101031600,HS,8010,0.978364354049777
42101031600,HS,8020,0.021635645950222583
42101031700,HS,7010,0.2832670964554976
42101031700,HS,8010,0.6844501708570014
42101031700,HS,8020,0.03228273268750075
42101031800,HS,7010,0.7753675633150819
42101031800,HS,8010,0.11451272962120009
42101031800,HS,8020,0.11011536527928299
42101032000,HS,7010,0.26883725612353143
42101032000,HS,8010,0.7311627438764698
42101032100,HS,7010,0.9999999999999999
42101032500,HS,8010,1.0000000000000007
42101032600,HS,8010,1.0000000000000004
42101989100,HS,8010,0.9997354137885617
42101032900,HS,8010,1.0000000000000007
42101033000,HS,8010,0.9999999999999989
42101033300,HS,8010,0.9318549961601508
42101033300,HS,8020,0.06814500403093025
42101033400,HS,8020,0.9999999999999994
42101033800,HS,8020,0.6889064696545792
42101033800,HS,8030,0.3110935303454189
42101033900,HS,8020,0.36236217129654047
42101033900,HS,8030,0.6376344775407576
42101034000,HS,8030,0.9999609072958273
42101034100,HS,8030,0.9999935016696374
42101034200,HS,8030,0.9999446276981826
42101034400,HS,8030,0.9999829223768988
42101034600,HS,8010,0.9823482676033382
42101034701,HS,8010,0.9744592117681804
42101034701,HS,8030,0.025540788231819527
42101008602,HS,1020,1.0000000000000002
42101009802,HS,4020,0.9992766626322364
42101037500,HS,4020,0.9996060149465464
42101018001,HS,5700,1.0000000000000004
42101011000,HS,1020,0.07087610144388967
42101011000,HS,4020,0.9291238985561124
42101011100,HS,4020,0.9999980035279963
42101011300,HS,4020,1.0
42101011400,HS,4020,0.9999999999999998
42101011500,HS,4020,0.9999999999999999
42101011800,HS,4020,1.0000000000000002
42101011900,HS,4020,1.0000000000000002
42101012000,HS,4020,0.9999774052088696
42101012100,HS,4020,0.9988659659882545
42101013100,HS,2010,1.0000000000000004
42101013500,HS,2010,1.0000000000000004
42101003002,HS,2000,1.0
42101031401,HS,8020,1.0000000000000007
42101013401,HS,2010,1.0000000000000002
42101018002,HS,5700,0.9999999999999998
42101013800,HS,4140,0.194427831214665
42101013800,HS,5180,0.8053364722377934
42101013900,HS,2010,0.5115885609750641
42101013900,HS,4140,0.043414719799275976
42101013900,HS,5180,0.44499671922565615
42101014100,HS,2010,0.45085430204208327
42101014100,HS,5160,0.5491456979579218
42101035701,HS,8030,0.9999999999999997
42101035702,HS,8030,0.9999999999999998
42101033701,HS,8020,1.0000000000000002
42101033702,HS,8020,0.9069508176778592
42101033702,HS,8030,0.09304918232214386
42101020102,HS,3416,0.9999999999999999
42101031101,HS,7120,0.725964911095125
42101031101,HS,8020,0.2740350889048905
42101031102,HS,7120,0.999663754996186
42101019502,HS,5020,0.9998518385961805
42101019501,HS,5020,0.999953959569635
42101028902,HS,7060,0.9970079504978971
42101033101,HS,8010,0.9999999999999993
42101033102,HS,8010,0.9999975291785478
42101031501,HS,8010,1.0000000000000002
42101001102,HS,2010,0.9996693234977244
42101000803,HS,2010,1.0000000000000002
42101017201,HS,4140,1.0
42101980800,HS,4020,0.993096216734486
42101008601,HS,1020,0.9999999999999998
42101037700,HS,2010,0.6563229506529042
42101037700,HS,5700,0.34361537980902834
42101010700,HS,1020,0.6878181315871442
42101010700,HS,4020,0.31218186841285706
42101010800,HS,1020,0.9999999999999997
42101010600,HS,1020,0.9999999999999999
42101005400,HS,1010,0.999451681401081
42101005500,HS,1010,0.9992263980903142
42101005600,HS,1010,1.0
42101000500,HS,2010,0.9999999999999998
42101034803,HS,8010,0.9999999999999999
42101006000,HS,1010,1.0000000000000013
42101006100,HS,1010,0.9999999999999997
42101006300,HS,1010,1.0000000000000007
42101006400,HS,1010,0.9992811627891843
42101026800,HS,6060,0.999523599371597
42101014400,HS,5160,1.0000000000000002
42101036600,HS,2010,0.5161130761700822
42101036600,HS,2160,0.4827984511628438
42101012204,HS,4020,0.9986995113905163
42101012203,HS,4020,0.9952158862877674
42101013602,HS,2010,0.29175890225938245
42101013602,HS,5180,0.7082410977406195
42101034502,HS,8030,1.0000000000000004
42101000902,HS,2010,0.9999999999999997
42101001201,HS,1020,0.021982013645017444
42101001201,HS,2010,0.9779966772960039
42101002702,HS,2160,1.0
42101028100,HS,6060,0.999629892618454
42101035302,HS,8030,0.9999546654772085
42101002000,HS,2000,0.62701337247568
42101002000,HS,3417,0.37298662752432554
42101014300,HS,5160,0.9999527683519662
42101001101,HS,2010,0.9996215638295763
42101027402,HS,7060,0.06536637446244699
42101027402,HS,7120,0.9346336255375494
42101036502,HS,8030,0.9995168361383221
42101000401,HS,2010,0.9974502157986452
42101034501,HS,8030,0.9999999999999998
42101000901,HS,2010,1.0
42101017702,HS,5020,0.9997440677733622
42101023800,HS,6030,0.9999812773045891
42101010900,HS,1020,0.9999999999999996
42101024800,HS,6060,1.0
42101033500,HS,8020,1.0000000000000004
42101007700,HS,1010,0.5001005907423474
42101007700,HS,1020,0.4998994092576569
42101014000,HS,2010,0.05429072009626009
42101014000,HS,5180,0.9457092799037421
42101003001,HS,2000,0.6659002739880774
42101003001,HS,3417,0.33409972601191845
42101002802,HS,2000,0.6540618581266197
42101002802,HS,2160,0.34593814187337735
42101002701,HS,2160,0.9999999999999998
42101980600,HS,2000,1.0000000000000007
42101034702,HS,8010,0.9999999999999997
42101034801,HS,8010,1.0000000000000002
42101034802,HS,8010,1.0
42101034900,HS,8010,1.0000000000000002
42101035100,HS,8010,0.8573631188467976
42101035100,HS,8030,0.13985556078441583
42101035200,HS,8010,0.759603408846735
42101035200,HS,8030,0.23933978991810403
42101980300,HS,8030,0.9999756620579565
42101035500,HS,8030,1.0000000000000002
42101035800,HS,8030,0.9999310724558897
42101035900,HS,8030,0.9999999999999999
42101036000,HS,8030,0.9999999999999997
42101036100,HS,8030,1.0000000000000009
42101026000,HS,6060,0.9987561873432684
42101027500,HS,7060,0.14547848856794282
42101027500,HS,7120,0.8545215114320552
42101006500,HS,1010,0.7382212516419832
42101006500,HS,1100,0.25931708213955573
42101006600,HS,1010,0.9999999999999999
42101006700,HS,1010,1.0000000000000002
42101007200,HS,1010,0.22756496867032913
42101007200,HS,1100,0.7724350313296752
42101001600,HS,2160,0.9999368002539337
42101001700,HS,2160,1.0000000000000002
42101007300,HS,1010,0.18213114092375046
42101007300,HS,1100,0.8178688590762486
42101007400,HS,1010,1.0
42101001800,HS,2160,0.9896690726634474
42101001900,HS,2000,0.6925171789711575
42101001900,HS,3417,0.3074828210288383
42101002100,HS,2000,0.9999999999999997
42101002200,HS,2000,1.0000000000000004
42101002400,HS,2160,0.9929023396291722
42101002500,HS,2160,1.0
42101002900,HS,2160,0.973130263997111
42101003100,HS,2000,0.9999548864391002
42101003200,HS,2000,1.0000000000000004
42101003300,HS,3417,0.9942405923406537
42101007800,HS,1010,0.38230831598633896
42101007800,HS,1020,0.20708517756889222
42101007800,HS,1100,0.4106065064447629
42101007900,HS,1020,0.8289338742742037
42101007900,HS,1100,0.171066125725797
42101008000,HS,1100,0.9999403000293963
42101008200,HS,1100,0.9994953936622759
42101008301,HS,1100,0.999892090013737
42101003600,HS,2000,0.12328982596697924
42101003600,HS,3417,0.8767101740330248
42101003701,HS,2000,0.5614262879847144
42101003701,HS,3417,0.43857371201528234
42101003702,HS,3417,0.9999999999999997
42101003800,HS,2000,0.629493443336055
42101003800,HS,3417,0.37050655666394555
42101003901,HS,3417,0.9998982065751734
42101003902,HS,2000,0.9151055757719733
42101003902,HS,3417,0.08489442422802965
42101004001,HS,2000,0.9854939747923893
42101015300,HS,3416,0.4590932179208703
42101015300,HS,4140,0.3927355711276216
42101015300,HS,5180,0.14803537955328752
42101025300,HS,6060,0.9999952722176556
42101035301,HS,8030,0.9999471606910845
42101031900,HS,7010,0.8371338476569335
42101031900,HS,8010,0.1628661523430672
42101028300,HS,7060,1.0000000000000002
42101008302,HS,1100,1.0000000000000002
42101008400,HS,1100,0.9999999999999994
42101008500,HS,1100,0.9998399184979293
42101009000,HS,1020,1.0
42101004002,HS,2000,0.9906739452599913
42101004101,HS,2000,0.7995601750773991
42101004101,HS,2160,0.20119211823563676
42101011200,HS,4020,1.0000000000000004
42101002300,HS,2160,0.983737924256445
42101006200,HS,1010,1.0000000000000004
42101032300,HS,7010,0.49156071179563415
42101032300,HS,8010,0.5084392882043646
42101000600,HS,2010,1.0
42101001500,HS,2160,0.9895226825219667
42101009200,HS,1020,0.9999999999999998
42101009300,HS,1020,0.3499980993497911
42101009300,HS,4020,0.6497642298300487
42101009400,HS,1100,0.49810660772753
42101009400,HS,4020,0.5018184405009011
42101009500,HS,1100,0.7671067443571148
42101009500,HS,4020,0.23289325564289456
42101009600,HS,1100,0.9228398274344137
42101009600,HS,4020,0.0771601725655948
42101010000,HS,4020,0.9999999839764793
42101010100,HS,4020,0.9997773093412388
42101010200,HS,4020,0.9999126965014999
42101010300,HS,4020,1.0000000000000002
42101010400,HS,1020,0.3345214615948888
42101010400,HS,4020,0.6654785384051174
42101010500,HS,1020,0.5906124859342621
42101010500,HS,4020,0.4093875140657352
42101004201,HS,2160,0.9991747685592955
42101028800,HS,5020,0.024827432846262067
42101028800,HS,7060,0.9751725671537405
42101011700,HS,4020,0.9999999999999994
42101016902,HS,4140,1.0000000000000004
42101001400,HS,2000,0.48220927769334304
42101001400,HS,2010,0.3042639515573779
42101001400,HS,3417,0.2135267707492728
42101013200,HS,2010,1.0000000000000004
42101027000,HS,6060,0.6112025677375474
42101027000,HS,7120,0.38879743226245256
42101035602,HS,8030,1.0000000000000007
42101015101,HS,4140,0.9999999999999998
42101015102,HS,4140,1.0
42101031402,HS,8020,1.0000000000000002
42101016701,HS,3416,0.9369900652031181
42101016701,HS,4140,0.06300993479688388
42101027901,HS,6060,1.0
42101027902,HS,6060,0.9999999999999998
42101008702,HS,1020,0.9999999999999999
42101008101,HS,1100,1.0
42101007102,HS,1010,0.6064714198713105
42101007102,HS,1100,0.3935285801286905
42101008701,HS,1020,0.9999999999999997
42101008102,HS,1100,1.0000000000000002
42101001002,HS,2010,0.9998428507506089
42101030502,HS,7120,0.9710746509378284
42101031502,HS,8010,0.9309272781448104
42101031502,HS,8020,0.0690085813252708
