neighborhood,a_area,zone_id,share
BRIDESBURG,44586026.84256642,Z135,0.9753680026821143
BUSTLETON,114050262.42262158,Z155,0.668710543179338
BUSTLETON,114050262.42262158,Z158,0.3299596965412568
CEDARBROOK,24871679.946155354,Z099,0.4851195853157018
CEDARBROOK,24871679.946155354,Z103,0.23289122477870278
CEDARBROOK,24871679.946155354,Z105,0.28106035785064454
CHESTNUT_HILL,79617662.33590956,Z101,0.029159235508355183
CHESTNUT_HILL,79617662.33590956,Z102,0.06454538431366812
CHESTNUT_HILL,79617662.33590956,Z103,0.9057492502030061
EAST_FALLS,41697140.18539294,Z106,0.945096982709102
EAST_FALLS,41697140.18539294,Z115,0.04126195875574008
MOUNT_AIRY_EAST,43152344.17081232,Z098,0.2400502679315251
MOUNT_AIRY_EAST,43152344.17081232,Z100,0.34530020227082336
MOUNT_AIRY_EAST,43152344.17081232,Z102,0.4116804008209548
GRAYS_FERRY,31341735.456471957,Z025,0.09536197480994366
GRAYS_FERRY,31341735.456471957,Z027,0.10590804736246
GRAYS_FERRY,31341735.456471957,Z053,0.7963375573098317
OLNEY,50305183.026179105,Z049,0.0355635760637473
OLNEY,50305183.026179105,Z093,0.12995897895597736
OLNEY,50305183.026179105,Z121,0.09605654062450161
OLNEY,50305183.026179105,Z127,0.3567812183654754
OLNEY,50305183.026179105,Z130,0.13444843605059423
OLNEY,50305183.026179105,Z131,0.23399607236655787
PENNYPACK_PARK,60140643.120369494,Z139,0.139802050069498
PENNYPACK_PARK,60140643.120369494,Z141,0.046557221815982056
PENNYPACK_PARK,60140643.120369494,Z145,0.15759599506365476
PENNYPACK_PARK,60140643.120369494,Z153,0.10507100200350979
PENNYPACK_PARK,60140643.120369494,Z155,0.19018736178781334
PENNYPACK_PARK,60140643.120369494,Z156,0.17162697762957616
PENNYPACK_PARK,60140643.120369494,Z158,0.16912313187536257
SOMERTON,129254442.50984971,Z152,0.5189940467321218
SOMERTON,129254442.50984971,Z155,0.1290868669618931
SOMERTON,129254442.50984971,Z159,0.3486668082207299
MOUNT_AIRY_WEST,52418556.96973036,Z101,0.572404375942362
MOUNT_AIRY_WEST,52418556.96973036,Z102,0.30435907052305483
MOUNT_AIRY_WEST,52418556.96973036,Z113,0.12319165033268009
WEST_OAK_LANE,52597142.11566471,Z098,0.1335459544187689
WEST_OAK_LANE,52597142.11566471,Z099,0.14620657506041956
WEST_OAK_LANE,52597142.11566471,Z108,0.26742539930836157
WEST_OAK_LANE,52597142.11566471,Z120,0.050230652549238045
WEST_OAK_LANE,52597142.11566471,Z136,0.11618351295426069
WEST_OAK_LANE,52597142.11566471,Z138,0.2860249391907031
WISSAHICKON_PARK,57769056.057058804,Z101,0.1146769825231605
WISSAHICKON_PARK,57769056.057058804,Z103,0.18190361112432057
WISSAHICKON_PARK,57769056.057058804,Z106,0.05012446091843547
WISSAHICKON_PARK,57769056.057058804,Z110,0.44477483174280447
WISSAHICKON_PARK,57769056.057058804,Z112,0.2077299957851871
RIVERFRONT,87248587.34038371,Z026,0.12680050594749323
RIVERFRONT,87248587.34038371,Z028,0.057225988673736405
RIVERFRONT,87248587.34038371,Z038,0.020374988614733216
RIVERFRONT,87248587.34038371,Z039,0.18746761212927993
RIVERFRONT,87248587.34038371,Z041,0.4376967657500268
RIVERFRONT,87248587.34038371,Z042,0.12690556993226107
RIVERFRONT,87248587.34038371,Z091,0.02603993215582476
BYBERRY,46168097.24069261,Z152,0.36231005747522566
BYBERRY,46168097.24069261,Z157,0.6305707127948366
WEST_TORRESDALE,5820647.801673057,Z154,0.04530329679912916
WEST_TORRESDALE,5820647.801673057,Z160,0.9546047057174739
MECHANICSVILLE,1646432.156936581,Z157,0.927744211590132
PARKWOOD_MANOR,47005795.960045055,Z154,0.10714590877362638
PARKWOOD_MANOR,47005795.960045055,Z157,0.8846438413619432
FRANKLIN_MILLS,14847358.088475425,Z157,0.9884674969117989
NORTHEAST_AIRPORT,81857835.67846009,Z154,0.9792180776163493
MODENA,23628720.85332281,Z154,0.9936393525201784
MORRELL_PARK,25923902.93126797,Z154,0.18268563335095395
MORRELL_PARK,25923902.93126797,Z160,0.8173143666490463
MILLBROOK,12625947.375271944,Z154,0.9897976330027258
CRESTMONT_FARMS,3624081.272583453,Z154,0.9634316922865078
ACADEMY_GARDENS,15080096.04727297,Z146,0.9944168826156432
PENNYPACK,34685359.60935997,Z155,0.020159477068547305
PENNYPACK,34685359.60935997,Z156,0.978870764799898
ASTON_WOODBRIDGE,14147884.608060135,Z146,0.7586353713181075
ASTON_WOODBRIDGE,14147884.608060135,Z156,0.2366889299349883
PENNYPACK_WOODS,13509697.292900003,Z141,0.025772515686401813
PENNYPACK_WOODS,13509697.292900003,Z146,0.821816358412708
PENNYPACK_WOODS,13509697.292900003,Z156,0.15241112590089295
WINCHESTER_PARK,6558255.434814047,Z156,1.0000000000000007
TORRESDALE,65135797.88343958,Z146,0.8391477137630666
TORRESDALE,65135797.88343958,Z160,0.10623708366963051
LEXINGTON_PARK,11359352.85070034,Z139,0.9767823496687611
RHAWNHURST,56786741.93188488,Z151,0.5152569860387295
RHAWNHURST,56786741.93188488,Z153,0.4678214212632369
FOX_CHASE,54942124.542072415,Z142,0.1917170205708663
FOX_CHASE,54942124.542072415,Z145,0.6067474753689432
FOX_CHASE,54942124.542072415,Z151,0.029569335860132936
FOX_CHASE,54942124.542072415,Z158,0.1716316715318694
BURHOLME,10450427.868413243,Z142,0.6100324812567334
BURHOLME,10450427.868413243,Z145,0.2856013538891656
BURHOLME,10450427.868413243,Z148,0.10431819374846153
OXFORD_CIRCLE,59779737.318578,Z119,0.212223978336875
OXFORD_CIRCLE,59779737.318578,Z142,0.06134973960983728
OXFORD_CIRCLE,59779737.318578,Z148,0.3149510803451668
OXFORD_CIRCLE,59779737.318578,Z149,0.20562820208859048
OXFORD_CIRCLE,59779737.318578,Z150,0.20505887189077682
SUMMERDALE,7236076.343700122,Z051,0.12500090967920674
SUMMERDALE,7236076.343700122,Z119,0.8749990903207885
CRESCENTVILLE,16230864.147225717,Z051,0.3867798045651048
CRESCENTVILLE,16230864.147225717,Z119,0.2877606761568989
CRESCENTVILLE,16230864.147225717,Z122,0.2760606119297285
CRESCENTVILLE,16230864.147225717,Z148,0.04939890734827029
LAWNDALE,38060318.45069749,Z051,0.3313593478024258
LAWNDALE,38060318.45069749,Z122,0.30546699480851497
LAWNDALE,38060318.45069749,Z148,0.3525423168389381
NORTHWOOD,28028046.52946974,Z051,0.174754696349509
NORTHWOOD,28028046.52946974,Z052,0.2986806996711511
NORTHWOOD,28028046.52946974,Z128,0.5159285193512231
HOLMESBURG,84064266.42918482,Z139,0.0443423216397291
HOLMESBURG,84064266.42918482,Z141,0.6396023233260358
HOLMESBURG,84064266.42918482,Z144,0.2801154086980197
HOLMESBURG,84064266.42918482,Z146,0.02799761529937392
FRANKFORD,41352291.08178332,Z046,0.20425906014003692
FRANKFORD,41352291.08178332,Z052,0.10332345572144162
FRANKFORD,41352291.08178332,Z123,0.38964441609533
FRANKFORD,41352291.08178332,Z128,0.18253941813172703
FRANKFORD,41352291.08178332,Z132,0.11799636910373497
MAYFAIR,52171616.225858964,Z052,0.08073526828553537
MAYFAIR,52171616.225858964,Z134,0.13310750736251492
MAYFAIR,52171616.225858964,Z139,0.2866031183176932
MAYFAIR,52171616.225858964,Z140,0.2480113534054731
MAYFAIR,52171616.225858964,Z147,0.2386704567138814
TACONY,49925465.61107599,Z126,0.13888852994191941
TACONY,49925465.61107599,Z143,0.6300166911345346
TACONY,49925465.61107599,Z144,0.2026410715042297
WISSINOMING,42361032.73345212,Z046,0.052000574790762054
WISSINOMING,42361032.73345212,Z126,0.31426899129216057
WISSINOMING,42361032.73345212,Z132,0.3050827690007505
WISSINOMING,42361032.73345212,Z134,0.05185549215039565
WISSINOMING,42361032.73345212,Z135,0.21037135587720113
WISSINOMING,42361032.73345212,Z140,0.05841440084000666
ANDORRA,24518059.66419322,Z110,0.999973613696371
UPPER_ROXBOROUGH,68775239.74104297,Z110,0.9999300698314385
DEARNLEY_PARK,16215713.765823953,Z110,0.9991458658532608
ROXBOROUGH_PARK,9697272.717380194,Z110,0.9997267080969879
GERMANY_HILL,6901646.648893897,Z110,0.5404586486964482
GERMANY_HILL,6901646.648893897,Z114,0.45577053095899595
WISSAHICKON_HILLS,3031092.908918634,Z110,0.9999629553053299
ROXBOROUGH,22456889.200454168,Z110,0.19320292868799613
ROXBOROUGH,22456889.200454168,Z112,0.5038771895615236
ROXBOROUGH,22456889.200454168,Z114,0.3029198817504816
MANAYUNK,14728390.225054795,Z112,0.23450911520788809
MANAYUNK,14728390.225054795,Z114,0.7622403178281507
WISSAHICKON,9064204.754225176,Z112,0.9928099264566336
GERMANTOWN_EAST,25689718.92283641,Z054,0.39729918881213505
GERMANTOWN_EAST,25689718.92283641,Z055,0.21753955564697577
GERMANTOWN_EAST,25689718.92283641,Z098,0.29891968428258714
GERMANTOWN_EAST,25689718.92283641,Z109,0.08614406734657434
GERMANTOWN_MORTON,10124401.319212897,Z109,0.9953471330413161
GERMANTOWN_WEST_CENT,15426747.844643192,Z113,0.9994242218168015
GERMANTOWN_PENN_KNOX,5075531.636962362,Z115,0.9931527334484277
GERMANTOWN_WESTSIDE,6574044.855702088,Z115,0.9939936287806056
GERMANTOWN_SOUTHWEST,14418616.303942772,Z115,0.9977020602415326
OGONTZ,18031899.274275333,Z054,0.15329503805199154
OGONTZ,18031899.274275333,Z107,0.49111602349927
OGONTZ,18031899.274275333,Z125,0.15954580220816078
OGONTZ,18031899.274275333,Z136,0.19576928736721716
WISTER,10443299.599591754,Z055,0.8970645309145848
WISTER,10443299.599591754,Z104,0.10091005015142351
NICETOWN,6587572.786885031,Z050,0.19582117745475294
NICETOWN,6587572.786885031,Z111,0.8035831891150793
TIOGA,31633853.125039894,Z050,0.39173236267673306
TIOGA,31633853.125039894,Z063,0.07267553674367125
TIOGA,31633853.125039894,Z064,0.17919888002637302
TIOGA,31633853.125039894,Z106,0.0789927336677905
TIOGA,31633853.125039894,Z111,0.19649874639978823
TIOGA,31633853.125039894,Z115,0.08087890754538543
ALLEGHENY_WEST,32217370.573576637,Z063,0.5343474385798813
ALLEGHENY_WEST,32217370.573576637,Z066,0.0950491317759123
ALLEGHENY_WEST,32217370.573576637,Z067,0.139198967722983
ALLEGHENY_WEST,32217370.573576637,Z106,0.22628133788037483
GLENWOOD,9656450.672475915,Z064,0.36409767316021585
GLENWOOD,9656450.672475915,Z066,0.5688264373238187
GLENWOOD,9656450.672475915,Z068,0.06426058191845123
FERN_ROCK,8325485.0065213265,Z125,0.9853271506789999
EAST_OAK_LANE,24048073.288775295,Z120,0.6648730806691813
EAST_OAK_LANE,24048073.288775295,Z121,0.09978282855661486
EAST_OAK_LANE,24048073.288775295,Z127,0.23452338425821867
MELROSE_PARK_GARDENS,7205102.168254761,Z121,0.9951965725644001
FRANKLINVILLE,14183257.789839478,Z048,0.06385015340115799
FRANKLINVILLE,14183257.789839478,Z085,0.021996843469799285
FRANKLINVILLE,14183257.789839478,Z133,0.3238893934535205
FRANKLINVILLE,14183257.789839478,Z137,0.5891959569054159
FELTONVILLE,27907882.43004501,Z092,0.13788379704055984
FELTONVILLE,27907882.43004501,Z117,0.0782562705092304
FELTONVILLE,27907882.43004501,Z118,0.7387028065231923
FELTONVILLE,27907882.43004501,Z129,0.03150986108471481
RICHMOND,78350289.36724763,Z086,0.20103785736856095
RICHMOND,78350289.36724763,Z089,0.1409090526934054
RICHMOND,78350289.36724763,Z135,0.6493455136812749
PORT_RICHMOND,17042267.58354068,Z086,0.9863551364854305
HUNTING_PARK,39041376.96821016,Z092,0.11755007391726782
HUNTING_PARK,39041376.96821016,Z094,0.0656569180874899
HUNTING_PARK,39041376.96821016,Z117,0.1410160087011972
HUNTING_PARK,39041376.96821016,Z118,0.2079929951284075
HUNTING_PARK,39041376.96821016,Z129,0.244348623354537
HUNTING_PARK,39041376.96821016,Z133,0.10808061604834138
HUNTING_PARK,39041376.96821016,Z137,0.10835031009014
JUNIATA_PARK,32441745.72375185,Z094,0.10442795358730773
JUNIATA_PARK,32441745.72375185,Z096,0.10595112644214527
JUNIATA_PARK,32441745.72375185,Z117,0.44424773355390285
JUNIATA_PARK,32441745.72375185,Z118,0.13581782343128074
JUNIATA_PARK,32441745.72375185,Z124,0.20655771459128894
HARROWGATE,25350337.906325947,Z094,0.16498838744967811
HARROWGATE,25350337.906325947,Z096,0.8320026350107168
FAIRHILL,7514252.524396924,Z074,0.33451344120684495
FAIRHILL,7514252.524396924,Z085,0.2974096588307992
FAIRHILL,7514252.524396924,Z097,0.3611838734411318
UPPER_KENSINGTON,22769416.26940842,Z078,0.45940804287890896
UPPER_KENSINGTON,22769416.26940842,Z090,0.23439874024051488
UPPER_KENSINGTON,22769416.26940842,Z094,0.24776561276825151
UPPER_KENSINGTON,22769416.26940842,Z097,0.03835448603395039
MCGUIRE,3558029.124888703,Z074,0.3236753807236876
MCGUIRE,3558029.124888703,Z085,0.034611778549275274
MCGUIRE,3558029.124888703,Z087,0.6283518401012408
STANTON,12661201.595377443,Z059,0.34440487591412877
STANTON,12661201.595377443,Z068,0.6496168334259094
BREWERYTOWN,11250959.374138992,Z029,0.4829869683913378
BREWERYTOWN,11250959.374138992,Z071,0.19427157692170027
BREWERYTOWN,11250959.374138992,Z072,0.3074302853306011
SHARSWOOD,5379203.53004143,Z022,0.38811873363729166
SHARSWOOD,5379203.53004143,Z029,0.34858647931473447
SHARSWOOD,5379203.53004143,Z072,0.0880682821462387
SHARSWOOD,5379203.53004143,Z073,0.17480504950304224
NORTH_CENTRAL,19876609.10527812,Z047,0.40306275671105485
NORTH_CENTRAL,19876609.10527812,Z059,0.05067644483362302
NORTH_CENTRAL,19876609.10527812,Z068,0.05131931770403429
NORTH_CENTRAL,19876609.10527812,Z072,0.02263915263559521
NORTH_CENTRAL,19876609.10527812,Z073,0.46660508667944606
YORKTOWN,7683400.975759763,Z077,0.9064596528924199
YORKTOWN,7683400.975759763,Z082,0.09349211115769139
LUDLOW,3681776.773889744,Z077,0.12171543444730579
LUDLOW,3681776.773889744,Z082,0.8782845655527027
HARTRANFT,26153120.800294474,Z048,0.2594858120720321
HARTRANFT,26153120.800294474,Z074,0.02497619229889941
HARTRANFT,26153120.800294474,Z077,0.1977857767579198
HARTRANFT,26153120.800294474,Z080,0.2955870217511216
HARTRANFT,26153120.800294474,Z083,0.10385663414778555
HARTRANFT,26153120.800294474,Z085,0.10785551794484986
WEST_KENSINGTON,19541363.465123188,Z076,0.07087788612097462
WEST_KENSINGTON,19541363.465123188,Z081,0.2599641530431275
WEST_KENSINGTON,19541363.465123188,Z083,0.17961826920567717
WEST_KENSINGTON,19541363.465123188,Z084,0.27091578318931786
WEST_KENSINGTON,19541363.465123188,Z088,0.19619655123287658
FISHTOWN,33634928.205957696,Z075,0.5955443109589077
FISHTOWN,33634928.205957696,Z079,0.23184083000108008
FISHTOWN,33634928.205957696,Z086,0.15295834053591106
OLD_KENSINGTON,7473108.367709056,Z082,0.319492071795264
OLD_KENSINGTON,7473108.367709056,Z084,0.6805003370676902
NORTHERN_LIBERTIES,20313580.24485485,Z026,0.026388873801932076
NORTHERN_LIBERTIES,20313580.24485485,Z075,0.2722865019464042
NORTHERN_LIBERTIES,20313580.24485485,Z082,0.2013170185879696
NORTHERN_LIBERTIES,20313580.24485485,Z091,0.47940887007083016
LOGAN,39039632.39417563,Z049,0.17325307526692513
LOGAN,39039632.39417563,Z055,0.04529217042083127
LOGAN,39039632.39417563,Z104,0.3296790364026397
LOGAN,39039632.39417563,Z107,0.12313577310727156
LOGAN,39039632.39417563,Z111,0.09774858276988173
LOGAN,39039632.39417563,Z116,0.1896138703023055
LOGAN,39039632.39417563,Z125,0.03758742993829227
SOCIETY_HILL,6861786.4960974,Z026,0.9944517740299585
OLD_CITY,12554367.740899758,Z026,0.9983103679087296
CHINATOWN,1360157.695810219,Z026,0.9144718035645625
CHINATOWN,1360157.695810219,Z091,0.03517109836785711
CHINATOWN,1360157.695810219,Z095,0.05035709806754353
CENTER_CITY,4098312.695700326,Z026,0.9485973201044464
CENTER_CITY,4098312.695700326,Z095,0.03312611472707186
WASHINGTON_SQUARE,9147686.714814005,Z026,0.9854160729504173
FAIRMOUNT,7889570.310727077,Z022,0.5523350256196202
FAIRMOUNT,7889570.310727077,Z029,0.4476570914346292
FRANCISVILLE,5893945.057261221,Z022,0.4248596392468487
FRANCISVILLE,5893945.057261221,Z033,0.4250512943622774
FRANCISVILLE,5893945.057261221,Z073,0.1442646271098404
SPRING_GARDEN,6773665.350110079,Z022,0.20160789802579207
SPRING_GARDEN,6773665.350110079,Z033,0.7923322786271111
LOGAN_SQUARE,18608220.866063397,Z022,0.030027962705703442
LOGAN_SQUARE,18608220.866063397,Z031,0.4979495154966613
LOGAN_SQUARE,18608220.866063397,Z033,0.4671628593923571
RITTENHOUSE,14621448.687697703,Z031,0.9999443307766607
FITLER_SQUARE,2833700.1818300365,Z013,0.025750196474721165
FITLER_SQUARE,2833700.1818300365,Z031,0.9257835225947078
FITLER_SQUARE,2833700.1818300365,Z032,0.048466280930599334
GRADUATE_HOSPITAL,14105214.278830517,Z030,0.289243115729227
GRADUATE_HOSPITAL,14105214.278830517,Z031,0.09310943812433259
GRADUATE_HOSPITAL,14105214.278830517,Z032,0.5758702651911083
GRADUATE_HOSPITAL,14105214.278830517,Z053,0.037617912956555685
POINT_BREEZE,16951407.537013896,Z024,0.3723012757861844
POINT_BREEZE,16951407.537013896,Z027,0.2815442471897047
POINT_BREEZE,16951407.537013896,Z030,0.3449083488276566
HAWTHORNE,4248005.342014491,Z030,0.02061503973691952
HAWTHORNE,4248005.342014491,Z034,0.9760989852966486
BELLA_VISTA,4250781.857926626,Z028,0.3620233379345803
BELLA_VISTA,4250781.857926626,Z034,0.11005215271058132
BELLA_VISTA,4250781.857926626,Z038,0.5278960222977155
QUEEN_VILLAGE,6634980.874104142,Z028,0.6311085252946439
QUEEN_VILLAGE,6634980.874104142,Z038,0.3681245356120951
DICKINSON_NARROWS,4929402.322720872,Z037,0.40860234405501406
DICKINSON_NARROWS,4929402.322720872,Z040,0.08286726568803256
DICKINSON_NARROWS,4929402.322720872,Z042,0.508388268237798
PASSYUNK_SQUARE,8712271.840021467,Z034,0.6497190141012048
PASSYUNK_SQUARE,8712271.840021467,Z037,0.22362366347186932
PASSYUNK_SQUARE,8712271.840021467,Z042,0.11805445970583943
GREENWICH,1968600.3033825222,Z039,0.10061731429524769
GREENWICH,1968600.3033825222,Z040,0.5973302529042278
GREENWICH,1968600.3033825222,Z041,0.10064699877396409
GREENWICH,1968600.3033825222,Z042,0.20234471592322306
LOWER_MOYAMENSING,10345440.597024482,Z021,0.242113024801089
LOWER_MOYAMENSING,10345440.597024482,Z035,0.3622044680753624
LOWER_MOYAMENSING,10345440.597024482,Z036,0.35555360197819835
LOWER_MOYAMENSING,10345440.597024482,Z041,0.040485660718501855
WHITMAN,7475547.246874632,Z039,0.44037320062233215
WHITMAN,7475547.246874632,Z041,0.5591741570960277
INDUSTRIAL,117450453.8792257,Z012,0.10224671634038865
INDUSTRIAL,117450453.8792257,Z014,0.3238166694556921
INDUSTRIAL,117450453.8792257,Z023,0.4258212656166908
INDUSTRIAL,117450453.8792257,Z053,0.14703429947873145
AIRPORT,100492936.74244343,Z014,0.750873157049048
AIRPORT,100492936.74244343,Z017,0.22999891439877737
CLEARVIEW,7093397.579273659,Z017,0.9815703543682721
PENROSE,8079756.851209551,Z014,0.9995069380795154
PASCHALL,19661937.91415119,Z003,0.5770715670815622
PASCHALL,19661937.91415119,Z011,0.10469692971407682
PASCHALL,19661937.91415119,Z012,0.156423953495485
PASCHALL,19661937.91415119,Z014,0.15861813434885125
BARTRAM_VILLAGE,14827741.175730176,Z004,0.6154438687677612
BARTRAM_VILLAGE,14827741.175730176,Z012,0.35034855033736895
BARTRAM_VILLAGE,14827741.175730176,Z053,0.03420758089486512
KINGSESSING,28773408.203488816,Z003,0.143293028066352
KINGSESSING,28773408.203488816,Z004,0.07901846258520594
KINGSESSING,28773408.203488816,Z007,0.21072361812822737
KINGSESSING,28773408.203488816,Z009,0.25425657469097995
KINGSESSING,28773408.203488816,Z011,0.13303378888332185
KINGSESSING,28773408.203488816,Z018,0.14548629491985593
KINGSESSING,28773408.203488816,Z044,0.032492528410892355
COBBS_CREEK,37552159.329660304,Z001,0.045697744895026524
COBBS_CREEK,37552159.329660304,Z002,0.2591251447173973
COBBS_CREEK,37552159.329660304,Z006,0.1353163786436974
COBBS_CREEK,37552159.329660304,Z007,0.030043043310104604
COBBS_CREEK,37552159.329660304,Z018,0.20045013369872683
COBBS_CREEK,37552159.329660304,Z044,0.18999915208167367
COBBS_CREEK,37552159.329660304,Z056,0.13926619621792324
WALNUT_HILL,6693651.878917776,Z008,0.38562274089162424
WALNUT_HILL,6693651.878917776,Z019,0.2822732195952831
WALNUT_HILL,6693651.878917776,Z056,0.3321040395130738
CEDAR_PARK,9088119.015103666,Z004,0.1639545307883699
CEDAR_PARK,9088119.015103666,Z005,0.10578453485555196
CEDAR_PARK,9088119.015103666,Z007,0.5037519908462995
CEDAR_PARK,9088119.015103666,Z008,0.12095095879178146
CEDAR_PARK,9088119.015103666,Z056,0.10555798471799385
GARDEN_COURT,3202924.060857846,Z005,0.09752134592058655
GARDEN_COURT,3202924.060857846,Z008,0.5693424182771388
GARDEN_COURT,3202924.060857846,Z056,0.3331362358022641
WOODLAND_TERRACE,1278481.123262225,Z004,0.020722763916343336
WOODLAND_TERRACE,1278481.123262225,Z005,0.9778901996413819
SPRUCE_HILL,9212420.550558412,Z004,0.07233258205262595
SPRUCE_HILL,9212420.550558412,Z005,0.7019837884093296
SPRUCE_HILL,9212420.550558412,Z019,0.2252977458838048
SOUTHWEST_SCHUYLKILL,13791357.69062324,Z004,0.7219151231751592
SOUTHWEST_SCHUYLKILL,13791357.69062324,Z011,0.20791479801241372
SOUTHWEST_SCHUYLKILL,13791357.69062324,Z012,0.06963380819290499
UNIVERSITY_CITY,37729515.36602497,Z005,0.04867030458617199
UNIVERSITY_CITY,37729515.36602497,Z013,0.9251653240552377
POWELTON,3356976.870010866,Z013,1.0000000000000002
WEST_POWELTON,6868814.186205365,Z013,0.2020821263272381
WEST_POWELTON,6868814.186205365,Z019,0.7978606795852561
EAST_PARKSIDE,4230982.052903114,Z020,0.9960724655842137
BELMONT,5527431.877445645,Z020,0.3775985684948494
BELMONT,5527431.877445645,Z043,0.6153560871509487
HAVERFORD_NORTH,2850136.51804685,Z016,0.42216605775888466
HAVERFORD_NORTH,2850136.51804685,Z019,0.5755041179655208
WEST_PARKSIDE,7502855.649907912,Z020,0.6496197347110216
WEST_PARKSIDE,7502855.649907912,Z061,0.34983163530761335
MILL_CREEK,15394334.44539206,Z015,0.5361767835414638
MILL_CREEK,15394334.44539206,Z016,0.13049906160549002
MILL_CREEK,15394334.44539206,Z019,0.2510033542951581
MILL_CREEK,15394334.44539206,Z020,0.08154895282607777
DUNLAP,2366590.9471393144,Z015,0.6109461076170069
DUNLAP,2366590.9471393144,Z019,0.3877199856861057
MANTUA,18172788.295292307,Z010,0.7684993452951079
MANTUA,18172788.295292307,Z013,0.07554328811788198
MANTUA,18172788.295292307,Z020,0.0304138316568523
MANTUA,18172788.295292307,Z043,0.11597831499742947
HADDINGTON,22297627.350733582,Z001,0.38594871154231797
HADDINGTON,22297627.350733582,Z015,0.0285214223151245
HADDINGTON,22297627.350733582,Z019,0.028028300935202727
HADDINGTON,22297627.350733582,Z058,0.0725434469244603
HADDINGTON,22297627.350733582,Z070,0.48424868040336455
CARROLL_PARK,13055055.918962676,Z020,0.057358235777834984
CARROLL_PARK,13055055.918962676,Z061,0.3537399307404136
CARROLL_PARK,13055055.918962676,Z070,0.5877342448891834
OVERBROOK,76924979.27772753,Z058,0.2274215266375194
OVERBROOK,76924979.27772753,Z060,0.15939164451258367
OVERBROOK,76924979.27772753,Z062,0.3490974828614467
OVERBROOK,76924979.27772753,Z065,0.1833351038058233
OVERBROOK,76924979.27772753,Z070,0.06103626222955445
WYNNEFIELD_HEIGHTS,16384610.00095464,Z045,0.9984315344191347
CALLOWHILL,5834731.640983313,Z091,0.47145527736110665
CALLOWHILL,5834731.640983313,Z095,0.5100874516905786
WEST_POPLAR,8130218.519631346,Z082,0.044374507783735424
WEST_POPLAR,8130218.519631346,Z091,0.19152992531894142
WEST_POPLAR,8130218.519631346,Z095,0.7639238156590219
EAST_POPLAR,4143360.86683128,Z082,0.3071525620374906
EAST_POPLAR,4143360.86683128,Z091,0.6928474379625257
STRAWBERRY_MANSION,25745096.38656283,Z057,0.21229733759815472
STRAWBERRY_MANSION,25745096.38656283,Z059,0.039434035010390736
STRAWBERRY_MANSION,25745096.38656283,Z066,0.09477183129745984
STRAWBERRY_MANSION,25745096.38656283,Z067,0.2213973233883882
STRAWBERRY_MANSION,25745096.38656283,Z069,0.3742635057188256
STRAWBERRY_MANSION,25745096.38656283,Z071,0.03751155032821906
EAST_PARK,33018283.43806548,Z022,0.06088451657959514
EAST_PARK,33018283.43806548,Z029,0.20909318898052412
EAST_PARK,33018283.43806548,Z057,0.6283130228137108
EAST_PARK,33018283.43806548,Z067,0.08129809317387243
WYNNEFIELD,31690664.056398515,Z045,0.6960183192976647
WYNNEFIELD,31690664.056398515,Z060,0.2254753096100817
WYNNEFIELD,31690664.056398515,Z061,0.043287056621432014
WYNNEFIELD,31690664.056398515,Z065,0.02397356043267401
WEST_PARK,62772408.554168575,Z045,0.9920912049465485
NORMANDY_VILLAGE,8034826.579358243,Z152,0.9873451037584777
STADIUM_DISTRICT,46282545.83396492,Z021,0.5051980298917533
STADIUM_DISTRICT,46282545.83396492,Z041,0.49137673071526533
NAVY_YARD,80181119.9404792,Z021,0.22262022343782664
NAVY_YARD,80181119.9404792,Z023,0.39763553988212774
NAVY_YARD,80181119.9404792,Z041,0.3669189226647987
EAST_KENSINGTON,7671093.060585821,Z076,0.6862604976400926
EAST_KENSINGTON,7671093.060585821,Z079,0.3062774519724226
ELMWOOD,21901347.15502582,Z012,0.46020834233781
ELMWOOD,21901347.15502582,Z014,0.5393745236198753
GIRARD_ESTATES,17922134.210782897,Z023,0.6657973359204756
GIRARD_ESTATES,17922134.210782897,Z025,0.3331876520250628
EASTWICK,73252058.08810733,Z014,0.2378336875329803
EASTWICK,73252058.08810733,Z017,0.76135745006064
PACKER_PARK,29005494.249769624,Z023,0.9993684940783595
PENNSPORT,6492436.079441373,Z039,0.20856525155460914
PENNSPORT,6492436.079441373,Z042,0.7905024860907698
NEWBOLD,5868191.86960557,Z024,0.2816560598934174
NEWBOLD,5868191.86960557,Z025,0.7119419242016085
WEST_PASSYUNK,6497077.396094291,Z025,0.6667312765176191
WEST_PASSYUNK,6497077.396094291,Z027,0.3329033644058813
EAST_PASSYUNK,6502062.146619862,Z034,0.212496543179269
EAST_PASSYUNK,6502062.146619862,Z037,0.03058240529303765
EAST_PASSYUNK,6502062.146619862,Z040,0.7568641907356631
BLUE_BELL_HILL,7511505.520442221,Z113,0.9988842169883385
