source_key,url,local_path,retrieved_at_utc,sha256,bytes,etag,last_modified
sdp_data_terms,https://cdn.philasd.org/offices/performance/Open_Data/School-District-Data-Sets-Terms-of-Use.pdf,raw/sdp_data_terms/School-District-Data-Sets-Terms-of-Use.pdf,2026-10-04T19:27:43+00:00,dd831658c94cd4c86a5c1ba5edab1da18ecd64a4d91a34c4c72b85c5bca4771a,120878,,"Mon, 14 Sep 2026 17:03:53 GMT"
sdp_master_school_list,https://cdn.philasd.org/offices/performance/Open_Data/School_Information/School_List/2017-2018%20Master%20School%20List%20(20180611).xlsx,raw/sdp_master_school_list/2017-2018 Master School List (20180611).xlsx,2026-10-04T19:27:44+00:00,08a17fdb5c9af7b7d9fb7f1a3f144d898f5d477aeb55610c9a41b063d382445a,136639,,"Wed, 03 Jun 2026 15:49:07 GMT"
sdp_master_school_list,https://cdn.philasd.org/offices/performance/Open_Data/School_Information/School_List/2018-2019%20Master%20School%20List%20(20190510).csv,raw/sdp_master_school_list/2018-2019 Master School List (20190510).csv,2026-10-04T19:27:45+00:00,6849027288a979dcb1883a60a64fa1b64fc61e24326705e87f6a4b2f94e89fec,164137,,"Wed, 03 Jun 2026 15:49:07 GMT"
sdp_master_school_list,https://cdn.philasd.org/offices/performance/Open_Data/School_Information/School_List/2019-2020%20Master%20School%20List%20(20201123).csv,raw/sdp_master_school_list/2019-2020 Master School List (20201123).csv,2026-10-04T19:27:47+00:00,8b09e720487bb581799639e94c76ca7d83baa60984962902ee69fa07b97ed5e4,163553,,"Wed, 03 Jun 2026 15:49:08 GMT"
sdp_master_school_list,https://cdn.philasd.org/offices/performance/Open_Data/School_Information/School_List/2020-2021%20Master%20School%20List%20(20201201).csv,raw/sdp_master_school_list/2020-2021 Master School List (20201201).csv,2026-10-04T19:27:48+00:00,2cd2473ad31754d2c0fc44fdfd650bf66185de75e4ead94eac91eae03f5d2bb0,166364,,"Wed, 03 Jun 2026 15:49:08 GMT"
sdp_master_school_list,https://cdn.philasd.org/offices/performance/Open_Data/School_Information/School_List/2021-2022%20Master%20School%20List%20(20211105).csv,raw/sdp_master_school_list/2021-2022 Master School List (20211105).csv,2026-10-04T19:27:49+00:00,3d3427eab8c2f9a48e410d3de73677aa2d2ce6b091192273f2f06f2e800e946d,166440,,"Wed, 03 Jun 2026 15:49:08 GMT"
sdp_master_school_list,https://cdn.philasd.org/offices/performance/Open_Data/School_Information/School_List/2022-2023%20Master%20School%20List%20(20230110).csv,raw/sdp_master_school_list/2022-2023 Master School List (20230110).csv,2026-10-04T19:27:50+00:00,eb219630fb4ed95bf45a2870281ed1748ba446c6d346eb29e701d46ebf76f1b3,159075,,"Wed, 03 Jun 2026 15:49:08 GMT"
sdp_master_school_list,https://cdn.philasd.org/offices/performance/Open_Data/School_Information/School_List/2023-2024%20Master%20School%20List%20(20231003).csv,raw/sdp_master_school_list/2023-2024 Master School List (20231003).csv,2026-10-04T19:27:51+00:00,fcde3650d0b9544e0fad424bdfdc93fe58011f3cb27b3ff329c177602939b434,155812,,"Wed, 03 Jun 2026 15:49:08 GMT"
sdp_master_school_list,https://cdn.philasd.org/offices/performance/Open_Data/School_Information/School_List/2024-2025%20Master%20School%20List%20(20250401).csv,raw/sdp_master_school_list/2024-2025 Master School List (20250401).csv,2026-10-04T19:27:52+00:00,8877ce7fd1473a6e46d2320572e18a99db5e4b39110823085ab82cd406d64bdb,163200,,"Wed, 03 Jun 2026 15:49:08 GMT"
sdp_master_school_list,https://cdn.philasd.org/offices/performance/Open_Data/School_Information/School_List/2024-2025%20Master%20School%20List%20(20250401).xlsx,raw/sdp_master_school_list/2024-2025 Master School List (20250401).xlsx,2026-10-04T19:27:53+00:00,af74396ffd70dfd780da5cc0a7272393a49788ed9c87fb7e132d6ac2c0a1d156,121369,,"Wed, 03 Jun 2026 15:49:08 GMT"
sdp_master_school_list,https://cdn.philasd.org/offices/performance/Open_Data/School_Information/School_List/2025-2026%20Master%20School%20List%20(20260512).csv,raw/sdp_master_school_list/2025-2026 Master School List (20260512).csv,2026-10-04T19:27:54+00:00,9c4286207801e8b9e55a88263c0bbca63072ee38f8df514386c3e9409d6fb489,142615,,"Wed, 03 Jun 2026 15:49:08 GMT"
sdp_master_school_list,https://cdn.philasd.org/offices/performance/Open_Data/School_Information/School_List/2025-2026%20Master%20School%20List%20(20260512).xlsx,raw/sdp_master_school_list/2025-2026 Master School List (20260512).xlsx,2026-10-04T19:27:55+00:00,8a0d21e0fd3ad518706a1630a513666084049cd729cdcfb4d97cf0061d2d2cc8,103783,,"Wed, 03 Jun 2026 15:49:08 GMT"
sdp_master_school_list,https://cdn.philasd.org/offices/performance/Open_Data/School_Information/School_List/2026-2027%20Master%20School%20List%20(20260928).csv,raw/sdp_master_school_list/2026-2027 Master School List (20260928).csv,2026-10-04T19:27:56+00:00,6c89f4c8dc0aa2f9b5689c1459a7876da99e3ac3296d6b516612e1ad514aea76,143993,,"Fri, 02 Oct 2026 19:57:03 GMT"
sdp_master_school_list,https://cdn.philasd.org/offices/performance/Open_Data/School_Information/School_List/2026-2027%20Master%20School%20List%20(20260928).xlsx,raw/sdp_master_school_list/2026-2027 Master School List (20260928).xlsx,2026-10-04T19:27:57+00:00,40f4d6cd5d50bcd4c5cdc07c1714b3c9885ecf5b71253560efd263829b941619,103740,,"Fri, 02 Oct 2026 19:57:08 GMT"
sdp_master_school_list,https://cdn.philasd.org/offices/performance/Open_Data/School_Information/School_List/Longitudinal%20School%20List%20(20171128).xlsx,raw/sdp_master_school_list/Longitudinal School List (20171128).xlsx,2026-10-04T19:27:58+00:00,c33b673b16bb4ff1e7eb6b189f6aa09e21a8a170196f23668bb18c35731d5fa3,976985,,"Wed, 03 Jun 2026 15:49:08 GMT"
sdp_catchments,https://cdn.philasd.org/offices/performance/Open_Data/School_Information/School_Catchment/SDP_Catchment_1213.zip,raw/sdp_catchments/SDP_Catchment_1213.zip,2026-10-04T19:35:49+00:00,31e395c14bf3b878fb31c97cb4c80daa0c237f4f74ada65431d709fbd8432d64,630787,,"Mon, 14 Sep 2026 17:05:40 GMT"
sdp_catchments,https://cdn.philasd.org/offices/performance/Open_Data/School_Information/School_Catchment/SDP_Catchment_1314.zip,raw/sdp_catchments/SDP_Catchment_1314.zip,2026-10-04T19:35:50+00:00,2007fde58dc8d4eb76ca4fd63ba9c4822b92db3911e8a664d960f140e39041a2,514484,,"Mon, 14 Sep 2026 17:05:41 GMT"
sdp_catchments,https://cdn.philasd.org/offices/performance/Open_Data/School_Information/School_Catchment/SDP_Catchment_1415.zip,raw/sdp_catchments/SDP_Catchment_1415.zip,2026-10-04T19:35:51+00:00,af49a594ccbf4b02441e62de75dba1f3b7a42cf045a4e4f340fd6f1f4571b932,610347,,"Mon, 14 Sep 2026 17:05:41 GMT"
sdp_catchments,https://cdn.philasd.org/offices/performance/Open_Data/School_Information/School_Catchment/SDP_Catchment_1516.zip,raw/sdp_catchments/SDP_Catchment_1516.zip,2026-10-04T19:35:52+00:00,2a1a333bef38e888910b88e3e30ff84ca1343126eec4a3ca822db908fc4140da,613985,,"Mon, 14 Sep 2026 17:05:41 GMT"
sdp_catchments,https://cdn.philasd.org/offices/performance/Open_Data/School_Information/School_Catchment/SDP_Catchment_1617.zip,raw/sdp_catchments/SDP_Catchment_1617.zip,2026-10-04T19:35:53+00:00,b6d0ba0e2e923c5545e304903351ffebc7442228eba0e37c6f668328d6af0071,621574,,"Mon, 14 Sep 2026 17:05:41 GMT"
sdp_catchments,https://cdn.philasd.org/offices/performance/Open_Data/School_Information/School_Catchment/SDP_Catchment_1718.zip,raw/sdp_catchments/SDP_Catchment_1718.zip,2026-10-04T19:35:54+00:00,398ccfe40e5973c8dd200127b5f39689704dd2ee1769d9508785af75d68a1ead,623719,,"Mon, 14 Sep 2026 17:05:41 GMT"
sdp_catchments,https://cdn.philasd.org/offices/performance/Open_Data/School_Information/School_Catchment/SDP_Catchment_1819.zip,raw/sdp_catchments/SDP_Catchment_1819.zip,2026-10-04T19:35:55+00:00,5c3316a6cb2c13a9d6188c27c45ee27c5c982c04db738dc5d604e5347d933830,627886,,"Mon, 14 Sep 2026 17:05:41 GMT"
sdp_catchments,https://cdn.philasd.org/offices/performance/Open_Data/School_Information/School_Catchment/SDP_Catchment_1920.zip,raw/sdp_catchments/SDP_Catchment_1920.zip,2026-10-04T19:35:56+00:00,59d2a611e7e7b00bb0e44b189f6818f0eebbf85745e52770aa3d717487cf29ad,625588,,"Mon, 14 Sep 2026 17:05:41 GMT"
sdp_catchments,https://cdn.philasd.org/offices/performance/Open_Data/School_Information/School_Catchment/SDP_Catchment_2021.zip,raw/sdp_catchments/SDP_Catchment_2021.zip,2026-10-04T19:35:57+00:00,b9b3505cdcb5d0f81d6b2b352793485c50b35259b883d0f0c71fcd67fe0ec31b,1190304,,"Mon, 14 Sep 2026 17:05:41 GMT"
sdp_catchments,https://cdn.philasd.org/offices/performance/Open_Data/School_Information/School_Catchment/SDP_Catchment_2122.zip,raw/sdp_catchments/SDP_Catchment_2122.zip,2026-10-04T19:35:59+00:00,ade553643f65a29ef2e7d503f6e0f98737f563a6dc23f1e8a0e3eb16bd6c09f8,1192173,,"Mon, 14 Sep 2026 17:05:41 GMT"
sdp_catchments,https://cdn.philasd.org/offices/performance/Open_Data/School_Information/School_Catchment/SDP_Catchment_2223.zip,raw/sdp_catchments/SDP_Catchment_2223.zip,2026-10-04T19:36:00+00:00,6fe960638f0a68ba0aef5e6e799ba553d2756b3935bfaa6dfaf77d58c4762c09,553137,,"Mon, 14 Sep 2026 17:05:42 GMT"
sdp_catchments,https://cdn.philasd.org/offices/performance/Open_Data/School_Information/School_Catchment/SDP_Catchment_2324.zip,raw/sdp_catchments/SDP_Catchment_2324.zip,2026-10-04T19:36:01+00:00,101b71665e280a156afb8f8595ddb8920c4b307e3e6fc49f4637200b0f2fae95,579866,,"Mon, 14 Sep 2026 17:05:42 GMT"
sdp_catchments,https://cdn.philasd.org/offices/performance/Open_Data/School_Information/School_Catchment/SDP_Catchment_2425.zip,raw/sdp_catchments/SDP_Catchment_2425.zip,2026-10-04T19:36:02+00:00,34d6453920fb780c5989d4535f54a129a4fa5d9fd3299fb98893d5939f688aa0,576779,,"Mon, 14 Sep 2026 17:05:42 GMT"
sdp_catchments,https://cdn.philasd.org/offices/performance/Open_Data/School_Information/School_Catchment/SDP_Catchment_All_Years.zip,raw/sdp_catchments/SDP_Catchment_All_Years.zip,2026-10-04T19:36:03+00:00,5bd39c11b2c9a6b6d6b9e68fd74aa01dca1b0afa878cd364c8e034a7b4c7ae21,9540962,,"Mon, 14 Sep 2026 17:05:42 GMT"
census_blocks_2020,https://www2.census.gov/geo/tiger/TIGER2020PL/LAYER/TABBLOCK/2020/tl_2020_42101_tabblock20.zip,raw/census_blocks_2020/tl_2020_42101_tabblock20.zip,2026-10-04T19:37:06+00:00,9e592066f9f5379911d82376c0cc55b9ac8f533ddbcf42d651978718624086eb,2826899,,"Mon, 01 Feb 2021 16:11:00 GMT"
census_tracts,https://www2.census.gov/geo/tiger/TIGER2020PL/LAYER/TRACT/2020/tl_2020_42101_tract20.zip,raw/census_tracts/tl_2020_42101_tract20.zip,2026-10-04T19:37:07+00:00,04c0bec11c7b134d5baea18b856da050f2864b96b58a4d85b08bf7a8b891341d,278222,,"Mon, 01 Feb 2021 16:11:02 GMT"
opendataphilly_neighborhoods,https://raw.githubusercontent.com/opendataphilly/odp-data-storage/master/philadelphia-neighborhoods/philadelphia-neighborhoods.geojson,raw/opendataphilly_neighborhoods/philadelphia-neighborhoods.geojson,2026-10-04T19:37:09+00:00,69c189df692a95d21385e13515c514bebd9e2d3c32ef8a265159d3be7f3f6bab,714923,"W/""7c9044177c7b56196144656230cfcde01ba449d83fe15f85857184ecc78f50e9""",
census_blocks_2020,https://www2.census.gov/programs-surveys/decennial/2020/data/01-Redistricting_File--PL_94-171/Pennsylvania/pa2020.pl.zip,raw/census_blocks_2020/pa2020.pl.zip,2026-10-04T19:37:42+00:00,2d33a7dab29c8dd5692bbde203d253e06eebbc44fcbaa96b1caa958d454026ae,57240396,,"Thu, 12 Aug 2021 17:20:11 GMT"
city_pwd_parcels,https://services.arcgis.com/fLeGjb7u4uXqeF9q/ArcGIS/rest/services/PWD_PARCELS/FeatureServer/0,raw/city_pwd_parcels/point_queries_20261004T194901Z.json,2026-10-04T19:49:01+00:00,23d67a65ceac235ff079eb518980012f99f640ec2b312a96b5671fb2dec7b42e,161081720,,
sdp_board_primegov,https://philasd.primegov.com/api/v2/PublicPortal/ListArchivedMeetings?year=2019,raw/sdp_board_primegov/api/ListArchivedMeetings_2019_20261004.json,2026-10-04T20:04:51+00:00,d91b67f441572779483d7d1d13f599b4b45e6ba7273aba6ec5cac70125ac021f,60933,,
sdp_board_primegov,https://philasd.primegov.com/api/v2/PublicPortal/ListArchivedMeetings?year=2020,raw/sdp_board_primegov/api/ListArchivedMeetings_2020_20261004.json,2026-10-04T20:04:52+00:00,47934550b7f4fb7fec75e2e552dabe36bb671a3687b997030115be5df4dbd9ab,45023,,
sdp_board_primegov,https://philasd.primegov.com/api/v2/PublicPortal/ListArchivedMeetings?year=2021,raw/sdp_board_primegov/api/ListArchivedMeetings_2021_20261004.json,2026-10-04T20:04:53+00:00,715af35f0cd47a63ec06417614d1c4278a58390f3ca6ea0d7d523230b36cff5c,32131,,
sdp_board_primegov,https://philasd.primegov.com/api/v2/PublicPortal/ListArchivedMeetings?year=2022,raw/sdp_board_primegov/api/ListArchivedMeetings_2022_20261004.json,2026-10-04T20:04:54+00:00,de526bbdabb4384abb6f6c586a3565eb1daa9c279323ee1352914d3547207e6c,31457,,
sdp_board_primegov,https://philasd.primegov.com/api/v2/PublicPortal/ListArchivedMeetings?year=2023,raw/sdp_board_primegov/api/ListArchivedMeetings_2023_20261004.json,2026-10-04T20:04:56+00:00,b000c8b603c4c42f69806ddb88c0db52255412e1236b2e6d912d99834f4d9124,34099,,
sdp_board_primegov,https://philasd.primegov.com/api/v2/PublicPortal/ListArchivedMeetings?year=2024,raw/sdp_board_primegov/api/ListArchivedMeetings_2024_20261004.json,2026-10-04T20:04:57+00:00,b0ffd7b9edf3ca1688c35b77066af005727933146d4d1594fa5bf3bb75962c3a,33315,,
sdp_board_primegov,https://philasd.primegov.com/api/v2/PublicPortal/ListArchivedMeetings?year=2025,raw/sdp_board_primegov/api/ListArchivedMeetings_2025_20261004.json,2026-10-04T20:04:58+00:00,84a25ae3e7daade80cb72e7a2165681ae327c0c10c18f068080e2d9196f804ca,37432,,
sdp_board_primegov,https://philasd.primegov.com/api/v2/PublicPortal/ListArchivedMeetings?year=2026,raw/sdp_board_primegov/api/ListArchivedMeetings_2026_20261004.json,2026-10-04T20:04:59+00:00,123a6858deef71377499d374598fc83097618f6d048de31e55653d2047d19345,25485,,
sdp_board_video,https://videoplayer.telvue.com/player/0bfLByeZXfZHVlpy5BHT5v2arkggCWuH/videos,raw/sdp_board_video/pages/videos_20261004.html,2026-10-04T20:12:29+00:00,cc469c6158778c49baa2798d3e8574a8be8f20ba77d20bc645fda36a91858b88,38683,,
sdp_board_video,https://videoplayer.telvue.com/player/0bfLByeZXfZHVlpy5BHT5v2arkggCWuH/videos?sort_by=created_at&order_by=asc,raw/sdp_board_video/pages/videos_created_at_asc_20261004.html,2026-10-04T20:12:30+00:00,446a9529558be73da5a140cdf5bd90f6ffb1449f4e49b96ef01b5865a508e962,30434,,
sdp_board_video,https://videoplayer.telvue.com/player/0bfLByeZXfZHVlpy5BHT5v2arkggCWuH/videos?sort_by=created_at&order_by=desc,raw/sdp_board_video/pages/videos_created_at_desc_20261004.html,2026-10-04T20:12:33+00:00,c520f9f41430cab8c961c4a60c83f14fb7c2371886895db64f73fb7d734fffab,30822,,
sdp_board_video,https://videoplayer.telvue.com/player/0bfLByeZXfZHVlpy5BHT5v2arkggCWuH/videos?sort_by=title&order_by=asc,raw/sdp_board_video/pages/videos_title_asc_20261004.html,2026-10-04T20:12:35+00:00,418ef9e1f452e1c1b4ebce61e511734e1f4acf2779c08dadd408fbe3a1be743f,30378,,
sdp_board_video,https://videoplayer.telvue.com/player/0bfLByeZXfZHVlpy5BHT5v2arkggCWuH/videos?sort_by=title&order_by=desc,raw/sdp_board_video/pages/videos_title_desc_20261004.html,2026-10-04T20:12:37+00:00,d4ba92e5cba2fca3e958715af6f8c4adbd459536d1be7d0acc656e5a74452494,30925,,
sdp_board_video,https://videoplayer.telvue.com/player/0bfLByeZXfZHVlpy5BHT5v2arkggCWuH/playlists,raw/sdp_board_video/pages/playlists_20261004.html,2026-10-04T20:12:38+00:00,a8545b158e9af39b151818f7215f27849effe45944bee18efa379f3da6894593,25924,,
sdp_board_video,https://videoplayer.telvue.com/player/0bfLByeZXfZHVlpy5BHT5v2arkggCWuH/playlists/11217?sort_by=created_at&order_by=desc,raw/sdp_board_video/pages/playlist_11217_desc_20261004.html,2026-10-04T20:12:39+00:00,f4397f8918fa2870defd71faa8744b241e2ca65a85e97dc930484fcff6bcea33,28098,,
sdp_board_video,https://videoplayer.telvue.com/player/0bfLByeZXfZHVlpy5BHT5v2arkggCWuH/playlists/11217?sort_by=created_at&order_by=asc,raw/sdp_board_video/pages/playlist_11217_asc_20261004.html,2026-10-04T20:12:40+00:00,9d3dd93a2b226f14422a9aeb58f75301d3eb95f8320bead9020a074b35fb2aa2,28098,,
sdp_board_video,https://videoplayer.telvue.com/player/0bfLByeZXfZHVlpy5BHT5v2arkggCWuH/playlists/11215?sort_by=created_at&order_by=desc,raw/sdp_board_video/pages/playlist_11215_desc_20261004.html,2026-10-04T20:12:41+00:00,ce44a360dc2f57263a434f3abe9c7066408bfbb9dbbebcb8d758812b6b7d928a,33962,,
sdp_board_video,https://videoplayer.telvue.com/player/0bfLByeZXfZHVlpy5BHT5v2arkggCWuH/playlists/11215?sort_by=created_at&order_by=asc,raw/sdp_board_video/pages/playlist_11215_asc_20261004.html,2026-10-04T20:12:43+00:00,b246ce0bca6d3b209c023418831bf09ba1fe6a443233c668ff0442f2f43b6229,33962,,
sdp_board_video,https://videoplayer.telvue.com/player/0bfLByeZXfZHVlpy5BHT5v2arkggCWuH/playlists/10362?sort_by=created_at&order_by=desc,raw/sdp_board_video/pages/playlist_10362_desc_20261004.html,2026-10-04T20:12:44+00:00,a61811fdfd17259f7731aaaf0b6e6e84ecd919f73d66bb91a5ed1dbacc1f8721,36288,,
sdp_board_video,https://videoplayer.telvue.com/player/0bfLByeZXfZHVlpy5BHT5v2arkggCWuH/playlists/10362?sort_by=created_at&order_by=asc,raw/sdp_board_video/pages/playlist_10362_asc_20261004.html,2026-10-04T20:12:46+00:00,257cc96a95c30038e148dc08e6fe5665fc21fed3c08bae7b177135edca24bdbc,36288,,
sdp_board_video,https://videoplayer.telvue.com/player/0bfLByeZXfZHVlpy5BHT5v2arkggCWuH/playlists/9732?sort_by=created_at&order_by=desc,raw/sdp_board_video/pages/playlist_9732_desc_20261004.html,2026-10-04T20:12:47+00:00,6fce98514b10c44efc02e826260054acaf55e037c8745b3fef0db03c5ba4cd4e,35048,,
sdp_board_video,https://videoplayer.telvue.com/player/0bfLByeZXfZHVlpy5BHT5v2arkggCWuH/playlists/9732?sort_by=created_at&order_by=asc,raw/sdp_board_video/pages/playlist_9732_asc_20261004.html,2026-10-04T20:12:49+00:00,cbd9594a9136108f8cb567df7d99660d486e8a9ef461fea49dc6f50cae930734,35048,,
sdp_board_video,https://videoplayer.telvue.com/player/0bfLByeZXfZHVlpy5BHT5v2arkggCWuH/playlists/9733?sort_by=created_at&order_by=desc,raw/sdp_board_video/pages/playlist_9733_desc_20261004.html,2026-10-04T20:12:50+00:00,0601b1f10ebb8ec25f5a97bef9d0dab26cf1446261a1f24b9df58da06ac95693,10073,,
sdp_board_video,https://videoplayer.telvue.com/player/0bfLByeZXfZHVlpy5BHT5v2arkggCWuH/playlists/9733?sort_by=created_at&order_by=asc,raw/sdp_board_video/pages/playlist_9733_asc_20261004.html,2026-10-04T20:12:51+00:00,17a9013a80b74231b3bd88028816fa76a2f232762e777f771eb424f03279a5d3,10073,,
sdp_board_video,https://videoplayer.telvue.com/player/0bfLByeZXfZHVlpy5BHT5v2arkggCWuH/playlists/9731?sort_by=created_at&order_by=desc,raw/sdp_board_video/pages/playlist_9731_desc_20261004.html,2026-10-04T20:12:52+00:00,b56ac11f91c57c88892eb4bb2aadda0deb629cc3fdcace542d4fbbe42657b77a,10074,,
sdp_board_video,https://videoplayer.telvue.com/player/0bfLByeZXfZHVlpy5BHT5v2arkggCWuH/playlists/9731?sort_by=created_at&order_by=asc,raw/sdp_board_video/pages/playlist_9731_asc_20261004.html,2026-10-04T20:12:53+00:00,5d4bc343229d78d686fa71db8c656c05d302f5d8eb7f841a57f00a38f441685e,10074,,
sdp_board_video,https://videoplayer.telvue.com/player/0bfLByeZXfZHVlpy5BHT5v2arkggCWuH/playlists/8797?sort_by=created_at&order_by=desc,raw/sdp_board_video/pages/playlist_8797_desc_20261004.html,2026-10-04T20:12:54+00:00,9f879716b24831afad54062ce498d7a05b88bfaabedadb58044558666fa77060,38719,,
sdp_board_video,https://videoplayer.telvue.com/player/0bfLByeZXfZHVlpy5BHT5v2arkggCWuH/playlists/8797?sort_by=created_at&order_by=asc,raw/sdp_board_video/pages/playlist_8797_asc_20261004.html,2026-10-04T20:12:56+00:00,652524be88103ba23437d4078eca145c74f004c335b53b11c5a3fbc4254de3f1,38719,,
sdp_board_video,https://videoplayer.telvue.com/player/0bfLByeZXfZHVlpy5BHT5v2arkggCWuH/playlists/8796?sort_by=created_at&order_by=desc,raw/sdp_board_video/pages/playlist_8796_desc_20261004.html,2026-10-04T20:12:57+00:00,6562c2b50628ae6ffb466b5d6e8c50135d72136a1a2baa54e33c02a77d1f972c,32942,,
sdp_board_video,https://videoplayer.telvue.com/player/0bfLByeZXfZHVlpy5BHT5v2arkggCWuH/playlists/8796?sort_by=created_at&order_by=asc,raw/sdp_board_video/pages/playlist_8796_asc_20261004.html,2026-10-04T20:12:59+00:00,db043881b59d63c5abeabbb394abfe5fe5c4fb37a700212f119e45bdf277862c,32942,,
sdp_board_video,https://videoplayer.telvue.com/player/0bfLByeZXfZHVlpy5BHT5v2arkggCWuH/playlists/8825?sort_by=created_at&order_by=desc,raw/sdp_board_video/pages/playlist_8825_desc_20261004.html,2026-10-04T20:13:00+00:00,25b276cf3e383a5cce018ff50a74ffd83dc5f1e5347497e75665cd7d7cdf25a1,12492,,
sdp_board_video,https://videoplayer.telvue.com/player/0bfLByeZXfZHVlpy5BHT5v2arkggCWuH/playlists/8825?sort_by=created_at&order_by=asc,raw/sdp_board_video/pages/playlist_8825_asc_20261004.html,2026-10-04T20:13:01+00:00,01ab02df1484ed04ed12213b56e1eefa7a37ce5517a89ea4fe8aa4cb16eea955,12492,,
sdp_board_video,https://videoplayer.telvue.com/player/0bfLByeZXfZHVlpy5BHT5v2arkggCWuH/playlists/8209?sort_by=created_at&order_by=desc,raw/sdp_board_video/pages/playlist_8209_desc_20261004.html,2026-10-04T20:13:03+00:00,42b1dd49f1bb60d6ccfe9e9d366a8eba8fc8bcd09b7be01fcb77ce8d1f28aea2,21861,,
sdp_board_video,https://videoplayer.telvue.com/player/0bfLByeZXfZHVlpy5BHT5v2arkggCWuH/playlists/8209?sort_by=created_at&order_by=asc,raw/sdp_board_video/pages/playlist_8209_asc_20261004.html,2026-10-04T20:13:04+00:00,bd66701e02fdb0ee8ba1d3de535cc5083b4a26fc80179525eda227808ad184de,21861,,
sdp_board_video,https://videoplayer.telvue.com/player/0bfLByeZXfZHVlpy5BHT5v2arkggCWuH/playlists/8210?sort_by=created_at&order_by=desc,raw/sdp_board_video/pages/playlist_8210_desc_20261004.html,2026-10-04T20:13:05+00:00,a00895b23874d04fcc79e257ed87f74a0fab9ccd49946e5c3e76031b769f8aab,35334,,
sdp_board_video,https://videoplayer.telvue.com/player/0bfLByeZXfZHVlpy5BHT5v2arkggCWuH/playlists/8210?sort_by=created_at&order_by=asc,raw/sdp_board_video/pages/playlist_8210_asc_20261004.html,2026-10-04T20:13:07+00:00,f28c39bdf49a3930abaaa5103631cc22cf67cd95483e0858dfa18b067abd140a,35334,,
sdp_board_video,https://videoplayer.telvue.com/player/0bfLByeZXfZHVlpy5BHT5v2arkggCWuH/playlists/7715?sort_by=created_at&order_by=desc,raw/sdp_board_video/pages/playlist_7715_desc_20261004.html,2026-10-04T20:13:08+00:00,c68197c23b2fc767b9698410003a53961c5e0f3a359098fb0c821c7a263e51ff,18372,,
sdp_board_video,https://videoplayer.telvue.com/player/0bfLByeZXfZHVlpy5BHT5v2arkggCWuH/playlists/7715?sort_by=created_at&order_by=asc,raw/sdp_board_video/pages/playlist_7715_asc_20261004.html,2026-10-04T20:13:09+00:00,7d8bf15cac9a28385b9ef4782500dbbbb6cc32e405f08461a73554e227ec73ce,18372,,
sdp_board_video,https://videoplayer.telvue.com/player/0bfLByeZXfZHVlpy5BHT5v2arkggCWuH/playlists/7717?sort_by=created_at&order_by=desc,raw/sdp_board_video/pages/playlist_7717_desc_20261004.html,2026-10-04T20:13:10+00:00,c8f359ed0dc1f3f12fba6ac6b57598e3b459a1917f4aa0adc6f968bd068aca04,28570,,
sdp_board_video,https://videoplayer.telvue.com/player/0bfLByeZXfZHVlpy5BHT5v2arkggCWuH/playlists/7717?sort_by=created_at&order_by=asc,raw/sdp_board_video/pages/playlist_7717_asc_20261004.html,2026-10-04T20:13:12+00:00,ea4eea7f6db8188042b81054fc155f04f6c181f235fc3f20b565d5d7599ed488,28570,,
sdp_board_video,https://videoplayer.telvue.com/player/0bfLByeZXfZHVlpy5BHT5v2arkggCWuH/playlists/5069?sort_by=created_at&order_by=desc,raw/sdp_board_video/pages/playlist_5069_desc_20261004.html,2026-10-04T20:13:13+00:00,150cb78c02261b5efdbc0233139a58ace9d780c97c2c409b9a1877c9f24e4674,41224,,
sdp_board_video,https://videoplayer.telvue.com/player/0bfLByeZXfZHVlpy5BHT5v2arkggCWuH/playlists/5069?sort_by=created_at&order_by=asc,raw/sdp_board_video/pages/playlist_5069_asc_20261004.html,2026-10-04T20:13:15+00:00,9c364f9e966a2ad1e675eecba581814d34ada7b7a7b62e387ade63499f8901bd,41224,,
sdp_board_video,https://videoplayer.telvue.com/player/0bfLByeZXfZHVlpy5BHT5v2arkggCWuH/playlists/5297?sort_by=created_at&order_by=desc,raw/sdp_board_video/pages/playlist_5297_desc_20261004.html,2026-10-04T20:13:16+00:00,fde582a2c28cd065bd11d4f77d63ba8b969e5c475baab83de3061a2a1e27735f,36809,,
sdp_board_video,https://videoplayer.telvue.com/player/0bfLByeZXfZHVlpy5BHT5v2arkggCWuH/playlists/5297?sort_by=created_at&order_by=asc,raw/sdp_board_video/pages/playlist_5297_asc_20261004.html,2026-10-04T20:13:18+00:00,7dd2e04c3aee0603b53bef31a99e0e2cb9252017cf33514e09dff69326debaab,36809,,
sdp_board_video,https://videoplayer.telvue.com/player/0bfLByeZXfZHVlpy5BHT5v2arkggCWuH/playlists/3681?sort_by=created_at&order_by=desc,raw/sdp_board_video/pages/playlist_3681_desc_20261004.html,2026-10-04T20:13:19+00:00,5c49d9b1ff920ce0fbb36b4c8db28c31abe593028bad1ea545b892914ccd28dd,17287,,
sdp_board_video,https://videoplayer.telvue.com/player/0bfLByeZXfZHVlpy5BHT5v2arkggCWuH/playlists/3681?sort_by=created_at&order_by=asc,raw/sdp_board_video/pages/playlist_3681_asc_20261004.html,2026-10-04T20:13:20+00:00,c93628d3b00dcce87072b3d1f7e5fcd4033477f14e2ce47b7239184fff00b7e6,17287,,
sdp_board_video,https://videoplayer.telvue.com/player/0bfLByeZXfZHVlpy5BHT5v2arkggCWuH/playlists/3680?sort_by=created_at&order_by=desc,raw/sdp_board_video/pages/playlist_3680_desc_20261004.html,2026-10-04T20:13:21+00:00,277280ad875f1c70a24f6603f7a7c34d22f5def5da4e0a332f2c1dd81cdff89d,20705,,
sdp_board_video,https://videoplayer.telvue.com/player/0bfLByeZXfZHVlpy5BHT5v2arkggCWuH/playlists/3680?sort_by=created_at&order_by=asc,raw/sdp_board_video/pages/playlist_3680_asc_20261004.html,2026-10-04T20:13:23+00:00,1cf174bb60297ba8f16c68d197409e20e1cdaf98f85d32be83646168cbdc6db8,20705,,
sdp_board_video,https://videoplayer.telvue.com/player/0bfLByeZXfZHVlpy5BHT5v2arkggCWuH/playlists/3678?sort_by=created_at&order_by=desc,raw/sdp_board_video/pages/playlist_3678_desc_20261004.html,2026-10-04T20:13:24+00:00,7c056e835b6c705ae49ec31b09c6bc0115f7e1fdf122b4cea096779ca75f9fb3,66511,,
sdp_board_video,https://videoplayer.telvue.com/player/0bfLByeZXfZHVlpy5BHT5v2arkggCWuH/playlists/3678?sort_by=created_at&order_by=asc,raw/sdp_board_video/pages/playlist_3678_asc_20261004.html,2026-10-04T20:13:26+00:00,8bdb21d14d82073ee10ab794d8effeacb98875a5a1e2fdd6331a38d000689801,66511,,
sdp_board_video,https://videoplayer.telvue.com/player/0bfLByeZXfZHVlpy5BHT5v2arkggCWuH/playlists/3679?sort_by=created_at&order_by=desc,raw/sdp_board_video/pages/playlist_3679_desc_20261004.html,2026-10-04T20:13:27+00:00,7c46b02fd2b7d79661d9dc3156a4ff2a7fad4724d5f0800f656cbfc8f8a36e39,16042,,
sdp_board_video,https://videoplayer.telvue.com/player/0bfLByeZXfZHVlpy5BHT5v2arkggCWuH/playlists/3679?sort_by=created_at&order_by=asc,raw/sdp_board_video/pages/playlist_3679_asc_20261004.html,2026-10-04T20:13:29+00:00,973e98094ea2566fd7d422192ad23659eac247ccab083fcf94aa075205d6160a,16042,,
