source_key,url,filename,ext,sy,discovered_on
sdp_catchments,https://cdn.philasd.org/offices/performance/Open_Data/School_Information/School_Catchment/SDP_Catchment_1213.zip,SDP_Catchment_1213.zip,.zip,,2026-10-04
sdp_catchments,https://cdn.philasd.org/offices/performance/Open_Data/School_Information/School_Catchment/SDP_Catchment_1314.zip,SDP_Catchment_1314.zip,.zip,,2026-10-04
sdp_catchments,https://cdn.philasd.org/offices/performance/Open_Data/School_Information/School_Catchment/SDP_Catchment_1415.zip,SDP_Catchment_1415.zip,.zip,,2026-10-04
sdp_catchments,https://cdn.philasd.org/offices/performance/Open_Data/School_Information/School_Catchment/SDP_Catchment_1516.zip,SDP_Catchment_1516.zip,.zip,,2026-10-04
sdp_catchments,https://cdn.philasd.org/offices/performance/Open_Data/School_Information/School_Catchment/SDP_Catchment_1617.zip,SDP_Catchment_1617.zip,.zip,,2026-10-04
sdp_catchments,https://cdn.philasd.org/offices/performance/Open_Data/School_Information/School_Catchment/SDP_Catchment_1718.zip,SDP_Catchment_1718.zip,.zip,,2026-10-04
sdp_catchments,https://cdn.philasd.org/offices/performance/Open_Data/School_Information/School_Catchment/SDP_Catchment_1819.zip,SDP_Catchment_1819.zip,.zip,,2026-10-04
sdp_catchments,https://cdn.philasd.org/offices/performance/Open_Data/School_Information/School_Catchment/SDP_Catchment_1920.zip,SDP_Catchment_1920.zip,.zip,,2026-10-04
sdp_catchments,https://cdn.philasd.org/offices/performance/Open_Data/School_Information/School_Catchment/SDP_Catchment_2021.zip,SDP_Catchment_2021.zip,.zip,,2026-10-04
sdp_catchments,https://cdn.philasd.org/offices/performance/Open_Data/School_Information/School_Catchment/SDP_Catchment_2122.zip,SDP_Catchment_2122.zip,.zip,,2026-10-04
sdp_catchments,https://cdn.philasd.org/offices/performance/Open_Data/School_Information/School_Catchment/SDP_Catchment_2223.zip,SDP_Catchment_2223.zip,.zip,,2026-10-04
sdp_catchments,https://cdn.philasd.org/offices/performance/Open_Data/School_Information/School_Catchment/SDP_Catchment_2324.zip,SDP_Catchment_2324.zip,.zip,,2026-10-04
sdp_catchments,https://cdn.philasd.org/offices/performance/Open_Data/School_Information/School_Catchment/SDP_Catchment_2425.zip,SDP_Catchment_2425.zip,.zip,,2026-10-04
sdp_catchments,https://cdn.philasd.org/offices/performance/Open_Data/School_Information/School_Catchment/SDP_Catchment_All_Years.zip,SDP_Catchment_All_Years.zip,.zip,,2026-10-04
sdp_data_terms,https://cdn.philasd.org/offices/performance/Open_Data/School-District-Data-Sets-Terms-of-Use.pdf,School-District-Data-Sets-Terms-of-Use.pdf,.pdf,,2026-10-04
sdp_enrollment,https://cdn.philasd.org/offices/performance/Open_Data/School_Information/Enrollment_Demographics_School/2009-2010%20Enrollment%20&%20Demographics.xlsx,2009-2010 Enrollment & Demographics.xlsx,.xlsx,2010,2026-10-04
sdp_enrollment,https://cdn.philasd.org/offices/performance/Open_Data/School_Information/Enrollment_Demographics_School/2010-2011%20Enrollment%20&%20Demographics.xlsx,2010-2011 Enrollment & Demographics.xlsx,.xlsx,2011,2026-10-04
sdp_enrollment,https://cdn.philasd.org/offices/performance/Open_Data/School_Information/Enrollment_Demographics_School/2011-2012%20Enrollment%20&%20Demographics.xlsx,2011-2012 Enrollment & Demographics.xlsx,.xlsx,2012,2026-10-04
sdp_enrollment,https://cdn.philasd.org/offices/performance/Open_Data/School_Information/Enrollment_Demographics_School/2012-2013%20Enrollment%20&%20Demographics.xlsx,2012-2013 Enrollment & Demographics.xlsx,.xlsx,2013,2026-10-04
sdp_enrollment,https://cdn.philasd.org/offices/performance/Open_Data/School_Information/Enrollment_Demographics_School/2013-2014%20Enrollment%20&%20Demographics.xlsx,2013-2014 Enrollment & Demographics.xlsx,.xlsx,2014,2026-10-04
sdp_enrollment,https://cdn.philasd.org/offices/performance/Open_Data/School_Information/Enrollment_Demographics_School/2014-2015_Enrollment_and_Demographics_(School_NS).csv,2014-2015_Enrollment_and_Demographics_(School_NS).csv,.csv,2015,2026-10-04
sdp_enrollment,https://cdn.philasd.org/offices/performance/Open_Data/School_Information/Enrollment_Demographics_School/2015-2016_Enrollment_and_Demographics_(School_NS).csv,2015-2016_Enrollment_and_Demographics_(School_NS).csv,.csv,2016,2026-10-04
sdp_enrollment,https://cdn.philasd.org/offices/performance/Open_Data/School_Information/Enrollment_Demographics_School/2016-2017_Enrollment_and_Demographics_(School_NS).csv,2016-2017_Enrollment_and_Demographics_(School_NS).csv,.csv,2017,2026-10-04
sdp_enrollment,https://cdn.philasd.org/offices/performance/Open_Data/School_Information/Enrollment_Demographics_School/2017-2018_Enrollment_and_Demographics_(School_NS).csv,2017-2018_Enrollment_and_Demographics_(School_NS).csv,.csv,2018,2026-10-04
sdp_enrollment,https://cdn.philasd.org/offices/performance/Open_Data/School_Information/Enrollment_Demographics_School/2018-2019_Enrollment_and_Demographics_(School_NS).csv,2018-2019_Enrollment_and_Demographics_(School_NS).csv,.csv,2019,2026-10-04
sdp_enrollment,https://cdn.philasd.org/offices/performance/Open_Data/School_Information/Enrollment_Demographics_School/2019-2020%20Enrollment%20&%20Demographics.csv,2019-2020 Enrollment & Demographics.csv,.csv,2020,2026-10-04
sdp_enrollment,https://cdn.philasd.org/offices/performance/Open_Data/School_Information/Enrollment_Demographics_School/2020-2021%20Enrollment%20&%20Demographics.csv,2020-2021 Enrollment & Demographics.csv,.csv,2021,2026-10-04
sdp_enrollment,https://cdn.philasd.org/offices/performance/Open_Data/School_Information/Enrollment_Demographics_School/2021-2022%20Enrollment%20&%20Demographics.csv,2021-2022 Enrollment & Demographics.csv,.csv,2022,2026-10-04
sdp_enrollment,https://cdn.philasd.org/offices/performance/Open_Data/School_Information/Enrollment_Demographics_School/2022-2023%20Enrollment%20&%20Demographics.csv,2022-2023 Enrollment & Demographics.csv,.csv,2023,2026-10-04
sdp_enrollment,https://cdn.philasd.org/offices/performance/Open_Data/School_Information/Enrollment_Demographics_School/2023-2024%20Enrollment%20&%20Demographics.csv,2023-2024 Enrollment & Demographics.csv,.csv,2024,2026-10-04
sdp_enrollment,https://cdn.philasd.org/offices/performance/Open_Data/School_Information/Enrollment_Demographics_School/2024-2025%20Enrollment%20&%20Demographics.csv,2024-2025 Enrollment & Demographics.csv,.csv,2025,2026-10-04
sdp_enrollment,https://cdn.philasd.org/offices/performance/Open_Data/School_Information/Enrollment_Demographics_School/2025-2026%20Enrollment%20&%20Demographics.csv,2025-2026 Enrollment & Demographics.csv,.csv,2026,2026-10-04
sdp_enrollment,https://cdn.philasd.org/offices/performance/Open_Data/School_Information/Enrollment_Demographics_School/Enrollment_Demographics_School_All_Years.zip,Enrollment_Demographics_School_All_Years.zip,.zip,,2026-10-04
sdp_goals_guardrails,https://www.philasd.org/research/wp-content/uploads/sites/90/2025/04/Goals-and-Guardrails-Summary_August-2023.pdf,Goals-and-Guardrails-Summary_August-2023.pdf,.pdf,,2026-10-04
sdp_master_school_list,https://cdn.philasd.org/offices/performance/Open_Data/School_Information/School_List/2017-2018%20Master%20School%20List%20(20180611).xlsx,2017-2018 Master School List (20180611).xlsx,.xlsx,2018,2026-10-04
sdp_master_school_list,https://cdn.philasd.org/offices/performance/Open_Data/School_Information/School_List/2018-2019%20Master%20School%20List%20(20190510).csv,2018-2019 Master School List (20190510).csv,.csv,2019,2026-10-04
sdp_master_school_list,https://cdn.philasd.org/offices/performance/Open_Data/School_Information/School_List/2019-2020%20Master%20School%20List%20(20201123).csv,2019-2020 Master School List (20201123).csv,.csv,2020,2026-10-04
sdp_master_school_list,https://cdn.philasd.org/offices/performance/Open_Data/School_Information/School_List/2020-2021%20Master%20School%20List%20(20201201).csv,2020-2021 Master School List (20201201).csv,.csv,2021,2026-10-04
sdp_master_school_list,https://cdn.philasd.org/offices/performance/Open_Data/School_Information/School_List/2021-2022%20Master%20School%20List%20(20211105).csv,2021-2022 Master School List (20211105).csv,.csv,2022,2026-10-04
sdp_master_school_list,https://cdn.philasd.org/offices/performance/Open_Data/School_Information/School_List/2022-2023%20Master%20School%20List%20(20230110).csv,2022-2023 Master School List (20230110).csv,.csv,2023,2026-10-04
sdp_master_school_list,https://cdn.philasd.org/offices/performance/Open_Data/School_Information/School_List/2023-2024%20Master%20School%20List%20(20231003).csv,2023-2024 Master School List (20231003).csv,.csv,2024,2026-10-04
sdp_master_school_list,https://cdn.philasd.org/offices/performance/Open_Data/School_Information/School_List/2024-2025%20Master%20School%20List%20(20250401).csv,2024-2025 Master School List (20250401).csv,.csv,2025,2026-10-04
sdp_master_school_list,https://cdn.philasd.org/offices/performance/Open_Data/School_Information/School_List/2024-2025%20Master%20School%20List%20(20250401).xlsx,2024-2025 Master School List (20250401).xlsx,.xlsx,2025,2026-10-04
sdp_master_school_list,https://cdn.philasd.org/offices/performance/Open_Data/School_Information/School_List/2025-2026%20Master%20School%20List%20(20260512).csv,2025-2026 Master School List (20260512).csv,.csv,2026,2026-10-04
sdp_master_school_list,https://cdn.philasd.org/offices/performance/Open_Data/School_Information/School_List/2025-2026%20Master%20School%20List%20(20260512).xlsx,2025-2026 Master School List (20260512).xlsx,.xlsx,2026,2026-10-04
sdp_master_school_list,https://cdn.philasd.org/offices/performance/Open_Data/School_Information/School_List/2026-2027%20Master%20School%20List%20(20260928).csv,2026-2027 Master School List (20260928).csv,.csv,2027,2026-10-04
sdp_master_school_list,https://cdn.philasd.org/offices/performance/Open_Data/School_Information/School_List/2026-2027%20Master%20School%20List%20(20260928).xlsx,2026-2027 Master School List (20260928).xlsx,.xlsx,2027,2026-10-04
sdp_master_school_list,https://cdn.philasd.org/offices/performance/Open_Data/School_Information/School_List/Longitudinal%20School%20List%20(20171128).xlsx,Longitudinal School List (20171128).xlsx,.xlsx,,2026-10-04
sdp_pses,https://cdn.philasd.org/offices/performance/Open_Data/School_Information/District_Wide_Survey/2014_2015_All_Respondent_Data.zip,2014_2015_All_Respondent_Data.zip,.zip,2015,2026-10-04
sdp_pses,https://cdn.philasd.org/offices/performance/Open_Data/School_Information/District_Wide_Survey/2015_2016_All_Respondent_Data.zip,2015_2016_All_Respondent_Data.zip,.zip,2016,2026-10-04
sdp_pses,https://cdn.philasd.org/offices/performance/Open_Data/School_Information/District_Wide_Survey/2016_2017_All_Respondent_Data.zip,2016_2017_All_Respondent_Data.zip,.zip,2017,2026-10-04
sdp_pses,https://cdn.philasd.org/offices/performance/Open_Data/School_Information/District_Wide_Survey/2017_2018_All_Respondent_Data.zip,2017_2018_All_Respondent_Data.zip,.zip,2018,2026-10-04
sdp_pses,https://cdn.philasd.org/offices/performance/Open_Data/School_Information/District_Wide_Survey/2018_2019_All_Respondent_Data.zip,2018_2019_All_Respondent_Data.zip,.zip,2019,2026-10-04
sdp_pses,https://cdn.philasd.org/offices/performance/Open_Data/School_Information/District_Wide_Survey/2019_2020_All_Respondent_Data.zip,2019_2020_All_Respondent_Data.zip,.zip,2020,2026-10-04
sdp_pses,https://cdn.philasd.org/offices/performance/Open_Data/School_Information/District_Wide_Survey/2020_2021_All_Respondent_Data.zip,2020_2021_All_Respondent_Data.zip,.zip,2021,2026-10-04
sdp_pses,https://cdn.philasd.org/offices/performance/Open_Data/School_Information/District_Wide_Survey/2021_2022_All_Respondent_Data.zip,2021_2022_All_Respondent_Data.zip,.zip,2022,2026-10-04
sdp_pses,https://cdn.philasd.org/offices/performance/Open_Data/School_Information/District_Wide_Survey/2022_2023_All_Respondent_Data.zip,2022_2023_All_Respondent_Data.zip,.zip,2023,2026-10-04
sdp_pses,https://cdn.philasd.org/offices/performance/Open_Data/School_Information/District_Wide_Survey/2023_2024_All_Respondent_Data.zip,2023_2024_All_Respondent_Data.zip,.zip,2024,2026-10-04
sdp_pses,https://cdn.philasd.org/offices/performance/Open_Data/School_Information/District_Wide_Survey/2024_2025_All_Respondent_Data.zip,2024_2025_All_Respondent_Data.zip,.zip,2025,2026-10-04
sdp_pses,https://cdn.philasd.org/offices/performance/Open_Data/School_Information/District_Wide_Survey/DWS_All_Respondent_Data_All_Years.zip,DWS_All_Respondent_Data_All_Years.zip,.zip,,2026-10-04
sdp_pses,https://cdn.philasd.org/offices/performance/Open_Data/School_Information/District_Wide_Survey/Topic_Subtopic_Scores_2019-2020_to_2024-2025.zip,Topic_Subtopic_Scores_2019-2020_to_2024-2025.zip,.zip,2020,2026-10-04
sdp_pssa_keystone,https://cdn.philasd.org/offices/performance/Open_Data/School_Performance/PSSA_Keystone/2009_2010_PSSA_All_Data.zip,2009_2010_PSSA_All_Data.zip,.zip,2010,2026-10-04
sdp_pssa_keystone,https://cdn.philasd.org/offices/performance/Open_Data/School_Performance/PSSA_Keystone/2010_2011_PSSA_All_Data.zip,2010_2011_PSSA_All_Data.zip,.zip,2011,2026-10-04
sdp_pssa_keystone,https://cdn.philasd.org/offices/performance/Open_Data/School_Performance/PSSA_Keystone/2011_2012_PSSA_All_Data.zip,2011_2012_PSSA_All_Data.zip,.zip,2012,2026-10-04
sdp_pssa_keystone,https://cdn.philasd.org/offices/performance/Open_Data/School_Performance/PSSA_Keystone/2012_2013_PSSA_Keystone_All_Data.zip,2012_2013_PSSA_Keystone_All_Data.zip,.zip,2013,2026-10-04
sdp_pssa_keystone,https://cdn.philasd.org/offices/performance/Open_Data/School_Performance/PSSA_Keystone/2013_2014_PSSA_Keystone_All_Data.zip,2013_2014_PSSA_Keystone_All_Data.zip,.zip,2014,2026-10-04
sdp_pssa_keystone,https://cdn.philasd.org/offices/performance/Open_Data/School_Performance/PSSA_Keystone/2014_2015_PSSA_Keystone_All_Data.zip,2014_2015_PSSA_Keystone_All_Data.zip,.zip,2015,2026-10-04
sdp_pssa_keystone,https://cdn.philasd.org/offices/performance/Open_Data/School_Performance/PSSA_Keystone/2015_2016_PSSA_Keystone_All_Data.zip,2015_2016_PSSA_Keystone_All_Data.zip,.zip,2016,2026-10-04
sdp_pssa_keystone,https://cdn.philasd.org/offices/performance/Open_Data/School_Performance/PSSA_Keystone/2016_2017_PSSA_Keystone_All_Data.zip,2016_2017_PSSA_Keystone_All_Data.zip,.zip,2017,2026-10-04
sdp_pssa_keystone,https://cdn.philasd.org/offices/performance/Open_Data/School_Performance/PSSA_Keystone/2017_2018_PSSA_Keystone_All_Data.zip,2017_2018_PSSA_Keystone_All_Data.zip,.zip,2018,2026-10-04
sdp_pssa_keystone,https://cdn.philasd.org/offices/performance/Open_Data/School_Performance/PSSA_Keystone/2018_2019_PSSA_Keystone_All_Data.zip,2018_2019_PSSA_Keystone_All_Data.zip,.zip,2019,2026-10-04
sdp_pssa_keystone,https://cdn.philasd.org/offices/performance/Open_Data/School_Performance/PSSA_Keystone/2021_2022_PSSA_Keystone_All_Data.zip,2021_2022_PSSA_Keystone_All_Data.zip,.zip,2022,2026-10-04
sdp_pssa_keystone,https://cdn.philasd.org/offices/performance/Open_Data/School_Performance/PSSA_Keystone/2022_2023_PSSA_Keystone_All_Data.zip,2022_2023_PSSA_Keystone_All_Data.zip,.zip,2023,2026-10-04
sdp_pssa_keystone,https://cdn.philasd.org/offices/performance/Open_Data/School_Performance/PSSA_Keystone/2023_2024_PSSA_Keystone_All_Data.zip,2023_2024_PSSA_Keystone_All_Data.zip,.zip,2024,2026-10-04
sdp_pssa_keystone,https://cdn.philasd.org/offices/performance/Open_Data/School_Performance/PSSA_Keystone/2024_2025_PSSA_Keystone_All_Data.zip,2024_2025_PSSA_Keystone_All_Data.zip,.zip,2025,2026-10-04
sdp_pssa_keystone,https://cdn.philasd.org/offices/performance/Open_Data/School_Performance/PSSA_Keystone/PSSA_Keystone_All_Years.zip,PSSA_Keystone_All_Years.zip,.zip,,2026-10-04
sdp_spree,https://cdn.philasd.org/offices/performance/Open_Data/School_Performance/SPREE/SPREE_SY2021_School_Metric_Scores.csv,SPREE_SY2021_School_Metric_Scores.csv,.csv,,2026-10-04
sdp_spree,https://cdn.philasd.org/offices/performance/Open_Data/School_Performance/SPREE/SPREE_SY2024-2025_School_Metric_Scores.csv,SPREE_SY2024-2025_School_Metric_Scores.csv,.csv,2025,2026-10-04
sdp_spree,https://cdn.philasd.org/offices/performance/Open_Data/School_Performance/SPREE/SPREE_SY2122_School_Metric_Scores.csv,SPREE_SY2122_School_Metric_Scores.csv,.csv,,2026-10-04
sdp_spree,https://cdn.philasd.org/offices/performance/Open_Data/School_Performance/SPREE/SPREE_SY2223_School_Metric_Scores.csv,SPREE_SY2223_School_Metric_Scores.csv,.csv,,2026-10-04
sdp_spree,https://cdn.philasd.org/offices/performance/Open_Data/School_Performance/SPREE/SPREE_SY2324_School_Metric_Scores.csv,SPREE_SY2324_School_Metric_Scores.csv,.csv,,2026-10-04
sdp_spree,https://cdn.philasd.org/offices/performance/Open_Data/School_Performance/School_Progress_Report/2012_2013_SPR_20140428.csv,2012_2013_SPR_20140428.csv,.csv,2013,2026-10-04
sdp_spree,https://cdn.philasd.org/offices/performance/Open_Data/School_Performance/School_Progress_Report/2013-2014_DISTRICTWIDE_SPR_SUMMARY_20150428.xls,2013-2014_DISTRICTWIDE_SPR_SUMMARY_20150428.xls,.xls,2014,2026-10-04
sdp_spree,https://cdn.philasd.org/offices/performance/Open_Data/School_Performance/School_Progress_Report/2013-2014_SCHOOL_PROGRESS_REPORT_20150428.xls,2013-2014_SCHOOL_PROGRESS_REPORT_20150428.xls,.xls,2014,2026-10-04
sdp_spree,https://cdn.philasd.org/offices/performance/Open_Data/School_Performance/School_Progress_Report/2014_2015_SCHOOL_PROGRESS_REPORT_20160208.xlsx,2014_2015_SCHOOL_PROGRESS_REPORT_20160208.xlsx,.xlsx,2015,2026-10-04
sdp_spree,https://cdn.philasd.org/offices/performance/Open_Data/School_Performance/School_Progress_Report/2015_2016_SCHOOL_PROGRESS_REPORT_20170203.xlsx,2015_2016_SCHOOL_PROGRESS_REPORT_20170203.xlsx,.xlsx,2016,2026-10-04
sdp_spree,https://cdn.philasd.org/offices/performance/Open_Data/School_Performance/School_Progress_Report/SPR_Data_All_Years.zip,SPR_Data_All_Years.zip,.zip,,2026-10-04
sdp_spree,https://cdn.philasd.org/offices/performance/Open_Data/School_Performance/School_Progress_Report/SPR_SY1617_School_Metric_Scores_20180118.xlsx,SPR_SY1617_School_Metric_Scores_20180118.xlsx,.xlsx,,2026-10-04
sdp_spree,https://cdn.philasd.org/offices/performance/Open_Data/School_Performance/School_Progress_Report/SPR_SY1718_School_Metric_Scores_20190129.xlsx,SPR_SY1718_School_Metric_Scores_20190129.xlsx,.xlsx,,2026-10-04
sdp_spree,https://cdn.philasd.org/offices/performance/Open_Data/School_Performance/School_Progress_Report/SPR_SY1819_School_Metric_Scores_20200127.xlsx,SPR_SY1819_School_Metric_Scores_20200127.xlsx,.xlsx,,2026-10-04
sdp_spree,https://cdn.philasd.org/offices/performance/Open_Data/School_Performance/School_Progress_Report/SPR_SY1819_Year_Over_Year_20200123.xlsx,SPR_SY1819_Year_Over_Year_20200123.xlsx,.xlsx,,2026-10-04
