gap_id,area,gap,kind,affects,how_to_close,status,priority,added,notes
GAP-001,identity,School lineage (predecessor/successor) table is empty: no source says which school absorbed a closed school's students,not-in-any-list,"closures, mergers, trend breaks, pre/post studies","Derive candidates from 2012-13 vs 2013-14 catchments and enrollment; confirm against Board resolutions; label evidence level (stated, geographic, enrollment)",open,high,2026-10-04,Longitudinal list has Year Closed but no receiving school
GAP-002,identity,"Longitudinal School List (2001-02 to 2016-17, 5,070 rows, ULCS keyed) is archived but not staged, so schools before 2019 have no school_id",not-yet-ingested,"2013 closures, any trend before 2019",Stage it; mint IDs for pre-2019 schools; replace derived closure events with Year Closed,open,high,2026-10-04,298 of its ~398 ULCS already in registry
GAP-003,identity,"2017-18 master list (xlsx, different layout) not staged",not-yet-ingested,one school year of attributes,Write a loader for its layout,open,medium,2026-10-04,
GAP-004,identity,"NCES codes lost to scientific notation in the CSV lists for 2024, 2026, 2027 (984 of 2,793 staged rows have none)",not-yet-ingested,"crosswalk to federal data (CCD, CRDC)",Read NCES from the XLSX versions of those lists when the CSV is damaged,open,medium,2026-10-04,Raw bytes are intact in raw/; this is our loader's choice
GAP-005,identity,Missing SRC school IDs (39 staged rows),not-collected-by-district,crosswalk to some district files,Check which programs; fill from other years or ask the district,open,low,2026-10-04,
GAP-006,identity,District master lists omit most Alternate Schools in 2020-2025 (2 to 4 programs vs 25 to 28 in 2019 and 2026),not-collected-by-district,enrollment and outcomes for alternative programs; looks like closure but is not,Ask the district why coverage changed; cross-check with enrollment files,open,medium,2026-10-04,"Shown as listing-gap issues, never as closures"
GAP-007,identity,24 alternative or contracted programs share state code 9999 (plus one with 0); continuation academies report under a host school's code,not-collected-by-district,any state-sourced measure for these programs,Mark state measures 'not separately measurable'; use district files where they exist,open,high,2026-10-04,state_key flagged shared_across_schools
GAP-008,identity,Unknown whether the district ever reassigns a retired ULCS code to a new school,unknown,identity continuity,Ask the district; add a check once the longitudinal list is staged,open,medium,2026-10-04,Minted school_id protects us either way
GAP-009,identity,Closure and opening dates come only from list presence; real-world dates are not recorded,not-collected-by-district,"event dates, mid-year changes",Use Year Opened/Closed (longitudinal list) and Board resolutions,open,medium,2026-10-04,Current school_event rows are status=derived
GAP-010,geography,"Catchments for 2012-13 through 2024-25 not downloaded (cataloged, about 20 MB)",not-yet-ingested,"boundary vintages, lineage, place statistics",psd fetch --source sdp_catchments,open,high,2026-10-04,
GAP-011,geography,Census-to-catchment crosswalk is area-weighted only; population-weighted (census block) version not built,not-yet-ingested,any neighborhood demographic on a catchment,Build from decennial census blocks,open,medium,2026-10-04,Prototype used tract area weights
GAP-012,geography,Neighborhood set for display not chosen,decision,neighborhood pages and tables,Decide (OpenDataPhilly set is the default),open,low,2026-10-04,
GAP-013,geography,No building table or school-to-building link; no OPA parcel numbers on schools,not-yet-ingested,"facilities, co-locations, parcel integration",Build from facilities dashboard and the City schools layer; join to parcels,open,high,2026-10-04,Shared geography with BPN is a pending decision
GAP-014,measures,Enrollment files (2009-10 on) cataloged but not downloaded; charters included only from 2019-20,not-yet-ingested,"enrollment facts, flows, closure evidence",Fetch and stage; note pre-2019 sector coverage,open,high,2026-10-04,
GAP-015,measures,"Catchment retention (flows) not ingested; roughly 16,000 students in cyber and out-of-city charters appear only in flows",not-yet-ingested,catchment_flow,Add placeholder school records for out-of-system destinations so flows sum,open,medium,2026-10-04,
GAP-016,measures,"Prototype score files (PDE Future Ready 2017-18 to 2024-25, School Fast Facts) are not archived here; prototype scripts cannot rerun",not-yet-ingested,"school_metric, findings reproducibility",Add PDE sources to the file catalog and archive with hashes,open,high,2026-10-04,Findings are in docs/FINDINGS_2026-10-03.md
GAP-017,measures,No 2020 state test results (state file repeats 2019); 2021 low participation and no growth scores; science waived in 2025,not-collected-by-district,trend lines across 2020-2021,Record as measure breaks with status codes; never interpolate,open,medium,2026-10-04,"Usable test years: 2018, 2019, 2022-2025"
GAP-018,measures,"Charter coverage is uneven: district PSSA, attendance, and employee files exclude charters; SPREE gives charters improvement labels only in 2024-25",not-collected-by-district,district-vs-charter comparison,Use PDE Future Ready for cross-sector measures; label sector coverage on every measure,open,high,2026-10-04,
GAP-019,measures,Measure dictionary and method breaks not written (attendance renamed 'persistent' in 2021-22; framework changes),not-yet-ingested,every chart,Phase 4 of the data model,open,high,2026-10-04,
GAP-020,measures,Student groups under 20 are suppressed at source; enrollment files for 2014-15 to 2018-19 were reposted Aug 2025 under new suppression rules,not-collected-by-district,"small schools, subgroup trends",Keep status codes; archive both versions of reposted files,open,medium,2026-10-04,
GAP-021,operations,"Daily canceled or late bus list: no public history, and we have not started capturing it",not-public,getting-to-school tracker,Scrape daily with psd snapshot via a scheduled job; needs the exact page URL,open,high,2026-10-04,History not captured is gone
GAP-022,operations,Facilities data dashboard and master plan: no snapshots archived; an earlier building-conditions site went offline in 2024,not-yet-ingested,"buildings tracker, closure plan delivery",Locate dashboard data endpoints; snapshot every release,open,high,2026-10-04,Chalkbeat reported shifting capacity figures
GAP-023,operations,"AHERA asbestos and lead reports are likely PDFs, not structured",not-yet-ingested,building_condition,"Download, hash, extract room-level results",open,medium,2026-10-04,
GAP-024,operations,"Maintenance work orders, bus on-time history, substitute fill rates, and IEP evaluation timeliness are not public",not-public,operations accountability,Ask the district what exists internally; consider a data request,open,high,2026-10-04,Operations is the least covered area
GAP-025,operations,"Staff vacancies (due Aug 2025), SPOTlight scorecard (due spring 2025), and Pre-K sites (due spring 2026) are past the district's promised refresh dates",not-collected-by-district,"workforce stability, district scorecard",Track missed promises in the release table,open,medium,2026-10-04,"Per district data page, checked 2026-10-04"
GAP-026,operations,"Goals and Guardrails results are PDFs, with targets reset in April 2024",not-yet-ingested,board goals scorecard,Extract per-report tables; version targets in the commitment table,open,medium,2026-10-04,
GAP-027,workforce,"Teacher-level and school-level turnover requires the PDE staff files, which are not cataloged or downloaded",not-yet-ingested,school stability tracker,Add PDE personnel files; aggregate to school level only,open,medium,2026-10-04,Individual teacher data is deliberately excluded
GAP-028,legal,"District Terms of Use restrict copying and limit use to governmental, accountability, and evaluative purposes; OpenDataPhilly lists the license as unspecified",legal,releasing any district-derived table or applying CC BY to it,Obtain written permission or a data-sharing agreement; see docs/SOURCE_TERMS.md,blocked,high,2026-10-04,Nothing is released until resolved
GAP-029,legal,District-derived tables already sit in the public repo under prototype/data/,legal,exposure under the district terms,"Decide: leave, remove from current tree, or scrub history (force-push needs owner approval)",open,high,2026-10-04,
GAP-030,legal,"Terms for PDE, Future Ready, SEDA, and City datasets not yet checked",unknown,release of anything derived from them,Read each publisher's terms; record in sources/manifest.csv,open,medium,2026-10-04,SEDA is under a data use agreement
