source_key,publisher,dataset,url,grain,charters,cadence,license,notes
sdp_enrollment,SDP,Enrollment & demographics (Oct 1),https://opendataphilly.org/datasets/sdp-school-enrollment-and-demographics/,school; 2009-10 on,from 2019-20,yearly (Nov),"SDP Terms of Use (2013): restrictive, see docs/SOURCE_TERMS.md",2014-15 to 2018-19 reposted Aug 2025 under new suppression rules
sdp_employees,SDP,Employees (aggregates only),https://opendataphilly.org/datasets/sdp-district-employees/,school/employee,no,several per year,"SDP Terms of Use (2013): restrictive, see docs/SOURCE_TERMS.md",roster has names and pay: publish aggregates only
sdp_finances,SDP,Finances and school budgets,https://opendataphilly.org/datasets/sdp-district-finances/,district and school,no,yearly (Jan),"SDP Terms of Use (2013): restrictive, see docs/SOURCE_TERMS.md",school-level is budgeted not actual; FY2026 zip ~170 MB
sdp_school_performance,SDP,School performance (attendance suspensions incidents graduation),https://opendataphilly.org/datasets/sdp-school-performance/,school,partly,yearly,"SDP Terms of Use (2013): restrictive, see docs/SOURCE_TERMS.md",attendance excludes charters
sdp_pssa_keystone,SDP,PSSA & Keystone,https://opendataphilly.org/datasets/sdp-pssa-keystone-performance/,school,no,yearly,"SDP Terms of Use (2013): restrictive, see docs/SOURCE_TERMS.md",groups under 20 suppressed
sdp_spree,SDP,SPREE / school progress reports,https://opendataphilly.org/datasets/sdp-school-progress-report-data/,school; 2012-13 on,partly,yearly,"SDP Terms of Use (2013): restrictive, see docs/SOURCE_TERMS.md",framework changed 2020
sdp_pses,SDP,Philly School Experience Survey,https://opendataphilly.org/datasets/sdp-philly-school-experience-survey/,school,partly,yearly,"SDP Terms of Use (2013): restrictive, see docs/SOURCE_TERMS.md",hidden below response-rate thresholds
sdp_school_selection,SDP,School selection,https://opendataphilly.org/datasets/sdp-school-selection-information/,school pairs,criteria schools,yearly,"SDP Terms of Use (2013): restrictive, see docs/SOURCE_TERMS.md",
sdp_catchment_retention,SDP,Catchment retention (flows),https://opendataphilly.org/datasets/sdp-school-catchment-retention/,catchment x school,yes,yearly (Dec),"SDP Terms of Use (2013): restrictive, see docs/SOURCE_TERMS.md",
sdp_meals,SDP,Meals & nutrition,https://opendataphilly.org/datasets/sdp-school-meals-and-nutrition/,school,partly,yearly,"SDP Terms of Use (2013): restrictive, see docs/SOURCE_TERMS.md",
sdp_yrbs,SDP,Youth Risk Behavior Survey,https://opendataphilly.org/datasets/sdp-youth-risk-behavior-survey/,citywide sample,partly,every 2 years,"SDP Terms of Use (2013): restrictive, see docs/SOURCE_TERMS.md",needs CDC codebook
sdp_goals_guardrails,SDP,Goals & Guardrails reports,https://www.philasd.org/research/#ggera,district,no,monthly-ish,"SDP Terms of Use (2013): restrictive, see docs/SOURCE_TERMS.md",PDFs; targets reset Apr 2024
sdp_facilities_dashboard,SDP,Facilities planning data dashboard,https://dashboards.philasd.org/extensions/facilities-data-dashboard/index.html,building,district buildings,per release,"SDP Terms of Use (2013): restrictive, see docs/SOURCE_TERMS.md","Qlik app, no export; per-school pages #/schools/<slug>; keyed by ULCS. Ask district for export"
sdp_facilities_master_plan,SDP,Facilities master plan,https://www.philasd.org/blog/2026/02/25/fppmasterplan/,building,district buildings,per plan version,"SDP Terms of Use (2013): restrictive, see docs/SOURCE_TERMS.md",
sdp_environmental,SDP,Environmental (AHERA asbestos and lead),https://www.philasd.org/environmental,building,district buildings,every 6 months,"SDP Terms of Use (2013): restrictive, see docs/SOURCE_TERMS.md","Google Drive folders of per-school PDFs (AHERA, lead, water); ULCS in file names"
sdp_charter_evaluations,SDP,Charter Schools Office evaluations,https://www.philasd.org/charterschools/,charter school; 2018 on,charters only,yearly,"SDP Terms of Use (2013): restrictive, see docs/SOURCE_TERMS.md",PDFs
pde_professional_personnel,PDE,Professional personnel (anonymized staff IDs),https://www.pa.gov/agencies/education/data-and-reporting/school-staff/professional-and-support-personnel,individual (anonymized) ,yes,yearly,PA open data terms,consistent ID enables turnover; aggregate only
pde_future_ready,PDE,Future Ready PA Index data files,https://futurereadypa.org/Home/DataFiles,school; 2017-18 to 2024-25,yes incl. cyber,yearly (Nov),PA open data terms,only apples-to-apples cross-sector source
odp_schools,City of Philadelphia,OpenDataPhilly schools layer,https://services.arcgis.com/fLeGjb7u4uXqeF9q/arcgis/rest/services/Schools/FeatureServer/0,point,yes,rarely,City open data license,"location_id = ULCS; public, charter, private, archdiocesan points"
sdp_catchments,SDP,Catchment boundaries,https://opendataphilly.org/datasets/sdp-school-catchment-areas/,polygon; 2012-13 on,n/a,yearly,"SDP Terms of Use (2013): restrictive, see docs/SOURCE_TERMS.md",
sdp_transportation_late_buses,SDP,Daily canceled/late bus list,https://www.philasd.org/transportation/,route x day,serves charter riders,daily,"SDP Terms of Use (2013): restrictive, see docs/SOURCE_TERMS.md",NO PUBLIC HISTORY: start scraping now
opendataphilly_neighborhoods,City of Philadelphia,Neighborhoods,https://opendataphilly.org/datasets/philadelphia-neighborhoods/,polygon,n/a,rarely,CC BY-SA? verify on dataset page,"default display set; display only, never an analysis unit"
sdp_master_school_list,SDP,Master school lists (by school year) and longitudinal list,https://www.philasd.org/research/,school; 2017-18 on,yes (governance column),yearly (Oct),"SDP Terms of Use (2013): restrictive, see docs/SOURCE_TERMS.md",primary identity source (ULCS AUN-school NCES SRC); includes 2017 longitudinal list
sdp_data_terms,SDP,School District Data Sets Terms of Use,https://www.philasd.org/research/,document,n/a,rarely,n/a,READ BEFORE RELEASING DERIVED DATA; archive each version
census_blocks_2020,Census Bureau,"TIGER/Line 2020 PL blocks with POP20, Philadelphia County",https://www2.census.gov/geo/tiger/TIGER2020PL/LAYER/TABBLOCK/2020/,block,n/a,decennial,public domain,population weights for geo_xwalk
census_tracts,Census Bureau,"TIGER/Line 2020 PL tracts, Philadelphia County",https://www2.census.gov/geo/tiger/TIGER2020PL/LAYER/TRACT/2020/,tract,n/a,decennial,public domain,ACS join unit
city_pwd_parcels,City of Philadelphia (Water Department),PWD parcels (point queries at school locations),https://services.arcgis.com/fLeGjb7u4uXqeF9q/ArcGIS/rest/services/PWD_PARCELS/FeatureServer/0,parcel,n/a,continuous,City open data terms (verify),"brt_id = OPA account, the key BPN uses; only parcels near school points are queried"
