question_id,audience,question,why_it_matters,what_we_have,how_to_pursue,related_gaps
Q-001,journalists; researchers,Where did the students from each of the 23 schools closed in 2013 actually go?,"The district never published (or we cannot find) the final school-by-school reassignments; the press lists we hold are the December 2012 proposal, which offered several choices per school and included schools later kept open.",The December 2012 proposal (school_closure_plan) and observed enrollment change near each closed school (school_closure_flow). Neither shows where individual students went.,"Right-to-Know request to the district for the March 7, 2013 SRC resolution and the final reassignment lists; compare with student-level enrollment by residence if the district will share it; reporting from receiving-school staff and families.",GAP-038; GAP-078; GAP-031
Q-002,journalists; district,"How much did each school actually spend, as opposed to being budgeted?","The district publishes school budgets (allotments, purchases, positions) but not actual spending by school. Principals decide purchases within school-managed allotments, so budgets can differ from what was spent.","School budgets for FY16 to FY27 (school_budget, school_budget_purchase, school_budget_position), all reconciled to the district's printed totals.","Right-to-Know request for actual expenditures by school and fiscal year, with the same line structure as the budget reports.",GAP-070
Q-003,journalists; researchers,"Why is the district's weighted-student count for Philadelphia about 303,000 under the state formula but about 384,000 in the commission's and Kelly's analyses?","Per-weighted-student figures cannot be compared across them, and the size of Philadelphia's adequacy gap depends on which count is used.","Both counts and the three adequacy studies side by side (adequacy_compare, finance_district_enrollment).",Ask the Basic Education Funding Commission and PDE how each count is built; ask the study authors for their weights.,GAP-071; GAP-072
Q-004,journalists; state,"Why did enacted adequacy and tax equity money reach 60% of the commission's first-year recommendation statewide (67% for Philadelphia), and what was the plan for the rest?","The adequacy supplements are paid through the Ready to Learn grant, not the Basic Education Funding line, so the amount is easy to miss when looking only at the funding formula.",Allocations by district for 2024-25 and 2025-26 (finance_rtl_allocation) against the commission's recommended amounts.,Reporting on the budget negotiations; ask PDE and the commission's members for the intended phase-in and whether later years are scheduled.,GAP-073
Q-005,researchers; journalists,"How many students attend each charter school, so per-pupil funding can be computed for charters as well as for district schools?","Charter tuition paid by Philadelphia was $1.36 billion in 2023-24 (29% of its spending), but per-pupil comparisons need enrollment by charter school and its funding.",Charter tuition by district (finance_lea_tuition) and each charter's own annual financial report as an agency; no average daily membership by charter.,PDE charter school enrollment and ADM files by school; Right-to-Know request if not posted.,GAP-076
Q-006,journalists; advocates,"What happened at the schools whose records suggest a reconfiguration rather than a closure: Roosevelt Middle, Washington E. Rhodes, and Penn Treaty Middle?","The lists give each a separate ID before and after, which can break trend lines. Penn Treaty Middle's regrouping into Penn Treaty High is recorded from local knowledge without a published source; Roosevelt and Rhodes are unconfirmed.","The lists and enrollment for each, and one hand-set lineage link (Penn Treaty).",Board resolutions or district announcements for 2012 to 2014; reporting from the neighborhoods.,GAP-079
Q-007,journalists; district,"What do the facilities plan recommendations say school by school, and where are the minutes of the April 23 and April 30, 2026 Board meetings where it was voted?","The plan's closure and consolidation recommendations are in a dashboard with no export, and the minutes were not posted when we archived the Board records.","The Board packets from 2019 to 2026 (archived, in the Civus zip) and the 2020 facility condition data for 76 sites.","Ask the district for the dashboard data and the minutes; check later packets, where minutes now appear as attachments.",GAP-022
Q-008,journalists,"Why did school-based position FTE in the reported schools rise from about 14,200 in FY16 to about 19,200 in the FY27 plan, and which kinds of positions grew?","The reports list each position line by funding source and activity, but nobody has compared growth by position type with enrollment and need.","Every position line for FY16 to FY27 (school_budget_position), with previous- and current-year FTE.",Analyze by position name and funding source against enrollment (enrollment table); ask the district what changed in how positions are budgeted (for example staff moved on or off school budgets).,GAP-070
Q-009,researchers; journalists,"Are school budgets per student related to student need, and does the split between school-managed and centrally managed allotments differ by school type?","The district's weighting of discretionary allotments is not explained in the reports, and central allotments (special education, food, facilities) are large.","Budget lines by school and year, enrollment and student group counts, and Census context by school catchment.",Join budgets to enrollment and poverty measures; interview budget office staff about the allotment formulas.,GAP-070
Q-010,journalists; district,"Which school buildings still have outstanding lead paint, water lead, or asbestos damage, and what are the remediation dates?","The reports we hold are point-in-time and differ by hazard; asbestos item counts reflect building age more than risk, and the damage figure is the actionable one.","Lead paint (163 schools), water lead (219), AHERA asbestos (317 buildings, 248 linked), and facility condition (76 sites, 2020 cycle).",Right-to-Know request for current remediation status and the 28 reports that would not download; ask for newer facility condition assessments.,GAP-033; GAP-063; GAP-065
Q-011,researchers,Where did students go from schools closed or merged after 2017?,"Enrollment by residence is available from 2016-17 on, so later closures can be traced more directly than the 2013 closures.","catchment_flow (students by catchment and school, 2016-17 on) and the school events table.",Build the same observed-flow table for later closures with the residence data; confirm receiving schools in Board records.,GAP-031
Q-012,journalists; advocates,"What is the planned destination for students in the current round of school moves reported by the Inquirer on October 6, 2026?",This analysis could show whether the pattern resembles 2013 (who gains enrollment near a closure) once the numbers are final.,"The 2013 observed flows as a comparison baseline, and current catchments and enrollment.",Reporting on the district's plan; the district's reassignment lists when published.,GAP-078
