school_key,ela_resid_3yr
100510000-7744,-10.510195953637215
104510394-8031,5.372463025209168
108515107-7960,-11.338414384788939
114514135-8083,6.93844618751568
126510001-7677,2.714686292115607
126510002-7678,15.494615419770772
126510004-7685,-27.947220835205616
126510005-7748,-4.5339442981788975
126510006-7722,-1.597622975910042
126510007-7724,-8.383810950492508
126510008-7684,1.4281183005474745
126510009-7737,18.573130182064567
126510010-7750,-7.1021862804788585
126510011-7775,-7.403007800063823
126510013-7776,-9.255288758405403
126510014-7777,-3.086701463782841
126510015-7825,8.692384464576817
126510016-7828,-11.733289595279167
126510019-7856,-6.449936363452692
126510021-7857,12.977210390165807
126510022-7909,3.570964453568744
126510023-7910,22.147208035046233
126510929-8454,-14.054660423344131
126511530-8359,17.963716578724874
126511624-8453,4.408287269345486
126511748-8208,-6.182138355661762
126512039-8361,-6.836146767433014
126512674-8287,-0.1713719259127302
126512840-7510,13.161780052926725
126512850-7511,-5.381958330677217
126512960-7540,12.25611940494688
126512980-7542,-4.32064496744492
126512990-7543,-21.929976437557055
126513000-7546,21.416480423676898
126513020-7548,-8.04795330192045
126513070-7557,-6.200844090348731
126513100-7564,12.252514935012442
126513110-7565,-20.635018826115857
126513117-8360,9.519961802044664
126513150-7574,6.762933900287162
126513160-7575,8.177720903899164
126513210-7580,-18.629299256884835
126513230-7582,-14.656441299487241
126513250-7584,-6.125829292390719
126513270-7586,2.7090896481644933
126513280-7587,3.3524169127435215
126513290-7588,7.4742598686320925
126513380-7639,-14.897398663063328
126513400-7647,10.836037208712964
126513415-8196,-46.70865169427159
126513420-7649,12.868230518363072
126513440-7665,0.47833894373925645
126513450-7666,38.72707178414787
126513480-7672,8.430346101165282
126513510-7683,-3.702748354879643
126513734-8207,5.84740607208926
126514059-8431,-13.823545965922541
126514864-8358,11.287625879689616
126515001-3601,-9.638436685937277
126515001-3602,-7.088999366865493
126515001-3611,-3.358832073788509
126515001-3613,-8.193681132714376
126515001-3614,-6.7106060214753285
126515001-3615,11.332749323941485
126515001-3616,5.663734447798667
126515001-3618,-0.5548701696264852
126515001-3620,6.628016528262564
126515001-3622,0.9557655904384248
126515001-3625,-9.68791427100247
126515001-3626,-3.1848156048678042
126515001-3629,-17.67695583969576
126515001-3630,-5.504179638652164
126515001-3635,10.580290475371717
126515001-3642,2.443959887248816
126515001-3645,8.675532299914492
126515001-3647,11.363219696052093
126515001-3648,18.201617076100288
126515001-3649,-1.9578204036466456
126515001-3650,11.236844659167486
126515001-3653,12.229595667568935
126515001-3654,-2.62807691013793
126515001-3655,-11.96098783699185
126515001-3657,9.691771845953108
126515001-3662,-5.349793328505463
126515001-3663,-10.00807479907145
126515001-3664,-7.199416167583853
126515001-3668,-3.987568429926616
126515001-3670,-7.997260899344536
126515001-3675,-16.5329858793724
126515001-3684,5.4180335300255935
126515001-3687,1.6101677928606957
126515001-3688,-14.377396551807237
126515001-3693,2.4023981131760763
126515001-3694,7.3287882917409
126515001-3697,5.301539919870973
126515001-3701,7.088148163150312
126515001-3702,-2.267861447306599
126515001-3703,-3.5282037145087783
126515001-3706,-5.451313916328053
126515001-3708,-7.8207556257520885
126515001-3709,4.792974683083103
126515001-3712,-1.4578365804090652
126515001-3713,-9.15909733926656
126515001-3714,4.000575021937418
126515001-3717,-2.40568921417456
126515001-3718,-0.016228784682907598
126515001-3719,-9.908191849765458
126515001-3720,-4.905879489600475
126515001-3722,-8.078768194948891
126515001-3724,-4.986480283622515
126515001-3725,2.1976666660789212
126515001-3726,7.709267366816344
126515001-3727,-11.928155815046827
126515001-3728,15.514909272706769
126515001-3738,-6.453447240619401
126515001-3739,-0.814690352907237
126515001-3742,-2.6240455193799925
126515001-3743,-4.948012540074799
126515001-3744,-3.578180558231305
126515001-3745,2.989910683073601
126515001-3749,-9.295767563699057
126515001-3750,0.5837518645973141
126515001-3751,-5.665635287771838
126515001-3753,-9.696626950145804
126515001-3755,-9.505059204554328
126515001-3758,-15.29974996190009
126515001-3760,0.8738858988463013
126515001-3762,-5.765763687057902
126515001-3763,-17.54255518059897
126515001-3764,-10.128239733378626
126515001-3765,7.894522217185501
126515001-3766,6.322537528219516
126515001-3769,-2.928902600621349
126515001-3770,2.5161962597034155
126515001-3771,-3.9235021454872054
126515001-3773,-10.501724417981007
126515001-3776,4.1312687258422445
126515001-3781,-1.5532073022398645
126515001-3782,-6.8553288692567165
126515001-3783,9.066480190005151
126515001-3786,-4.83412250242204
126515001-3797,-13.471863331702941
126515001-3798,-13.583890235144814
126515001-3800,-15.201692948722132
126515001-3801,2.293278010198854
126515001-3803,16.62326885401557
126515001-3804,-10.747939561024845
126515001-3805,-8.964174655213917
126515001-3808,16.494899518039798
126515001-3816,-7.903709365308742
126515001-3818,-5.3922410525674875
126515001-3835,-10.480393920511952
126515001-3841,-10.850716477782436
126515001-3842,8.047047368515694
126515001-3843,21.313193549735967
126515001-3844,-3.1630213324859517
126515001-3845,-7.509635032307673
126515001-3847,-9.065382201745905
126515001-3848,32.83528317729668
126515001-3849,1.0251960529705986
126515001-3850,-12.15086653522458
126515001-3851,-9.29738529181504
126515001-3855,11.110427968729025
126515001-3857,-3.6347854184732946
126515001-3859,-8.215996996390347
126515001-3860,-1.3084100664720022
126515001-3861,11.532504474927721
126515001-4726,18.372536248068606
126515001-4727,9.035988103690173
126515001-4732,-1.2508365086066024
126515001-4868,-6.063115140682466
126515001-4961,12.544468848226407
126515001-4963,-9.667242790227734
126515001-5040,-5.012942148316039
126515001-5041,11.823793066082942
126515001-5120,4.160287939531382
126515001-5121,-7.316231839895664
126515001-5122,4.868375162297698
126515001-5123,-4.225857734061075
126515001-5124,-2.798968731919436
126515001-5125,-1.8196952203930454
126515001-5183,-9.021057487620546
126515001-5185,-6.059571120860227
126515001-5186,-1.2482402141578604
126515001-5187,-20.35625144797736
126515001-5188,-4.30758060982808
126515001-5292,-14.454612487805877
126515001-5293,-7.861720097936001
126515001-5294,-2.3993530690700156
126515001-6525,6.292699441100635
126515001-6527,0.6429825749866538
126515001-6528,-1.342821444133854
126515001-6529,-2.4710456544911197
126515001-6530,-3.1320793377140106
126515001-6533,-6.090316104851112
126515001-6534,-17.08887164268381
126515001-6535,-2.94235442972354
126515001-6539,-11.271031300349863
126515001-6544,-5.5425148483833935
126515001-6548,8.239446928793429
126515001-6675,-8.293396698760949
126515001-6765,-9.153340721848162
126515001-6767,-12.716765945476544
126515001-6822,32.80575850328362
126515001-6823,7.259965679182854
126515001-6824,12.467521292088724
126515001-6913,-4.13178375472329
126515001-6960,6.344503045135464
126515001-6996,18.329579400649266
126515001-7022,4.676572495546974
126515001-7023,27.532860692268695
126515001-7024,15.383791230232946
126515001-7070,34.94135069239599
126515001-7072,8.45413596315329
126515001-7175,-0.859224771217478
126515001-7225,3.62422859277016
126515001-7226,16.559169836259823
126515001-7227,24.72853943591188
126515001-7228,3.929632358221069
126515001-7229,24.664971411567944
126515001-7230,-17.702721113678567
126515001-7231,-7.130166517477966
126515001-7232,-7.305797078801184
126515001-7233,-2.2012836451517295
126515001-7234,-7.608886667722061
126515001-7235,-0.41112301017434066
126515001-7239,-8.158278084883248
126515001-7242,-3.400894747052932
126515001-7245,-0.07236731062437467
126515001-7253,-3.3469569627909386
126515001-7255,-0.6340632102531991
126515001-7256,-0.3110251024914277
126515001-7368,-7.485199412293292
126515001-7404,-11.23751477633825
126515001-7472,-7.505759664000823
126515001-7521,1.201703206730219
126515001-7522,-1.86895941328563
126515001-7663,-4.121203086004982
126515001-7664,19.661996195243972
126515001-7706,11.8157040097919
126515001-7780,23.5093189871746
126515001-7782,36.89703207361258
126515001-7808,14.642449916117506
126515001-7811,19.224481127589378
126515001-7813,9.186126834875168
126515001-7815,8.524562506159524
126515001-7850,9.795611967785176
126515001-7852,9.933135290968012
126515001-7855,27.725997015069378
126515001-7903,-1.4023074706325442
126515001-7904,40.37480140019404
126515001-7905,23.07551253530637
126515001-7906,24.701149769675187
126515001-7963,5.931618290277652
126515001-8029,-11.058034553916093
126515001-8039,20.73070901463345
126515001-8292,-11.561908773125984
126515001-8293,6.131085938620448
126515001-8294,15.049971604724995
126515001-8296,-6.548446248128104
126515001-8297,-12.247863042760942
126515001-8298,-85.7566649890316
126515001-8328,-8.709847934331508
126515001-8329,5.823461039525912
126515001-8330,13.616933813036527
126515001-8331,-8.720683220380733
126515001-8332,-8.62320625763677
126515001-8385,-17.25436756267152
126515001-8387,3.4762566113088673
126515001-8388,11.095942775973453
126515001-8389,-11.55527510566433
126515001-8440,-7.450165520809129
126515001-8493,-6.984610296934146
126515691-8252,-4.577174190127082
126516457-8153,11.1732909931208
126516724-8425,-18.577864341071123
126517286-8151,3.013743210841026
126517442-8251,-5.077462465026303
126517643-8427,-0.7171183773053151
126518004-8390,-20.78554002689017
126518118-8365,2.760442364907463
126518547-8150,-10.474669694980054
126518795-8288,1.4534742653084542
126519392-8257,-4.392237735156914
126519433-8152,-2.1409974707849813
126519434-8195,27.33754175259745
126519476-8206,-2.835238786141081
126519644-8259,3.2545072370267376
147513703-8123,4.371246768080558
151514721-7961,8.808311090108502
168513758-8145,-21.050133224935784
173515368-7985,-3.871808054347618
182514568-7979,18.154388263603447
185515523-7981,-9.161936818056505
192518422-8126,1.470053386672305
126515001-8515,-14.047071463333628
126515362-8499,-16.712911837838043
