ulcs,school_key,aun,schl,src_id,nces,name,governance,category,level,admission,council_district,gps,first_year,last_year,n_years,school_keys,governances,names,state_key_shared
1010,126515001-3847,126515001,3847,101,421899003847,John Bartram High School,District,SDP K12 Schools,High,Catchment,2,"39.92149737, -75.23405562",2019,2026,8,126515001-3847,District,John Bartram High School,False
1020,126515001-3860,126515001,3860,102,421899003860,West Philadelphia High School,District,SDP K12 Schools,High,Catchment,3,"39.95811, -75.219654",2019,2026,8,126515001-3860,District,West Philadelphia High School,False
1030,126515001-7903,126515001,7903,103,421899000993,High School of the Future,District,SDP K12 Schools,High,Citywide,4,"39.97465766, -75.2047566",2019,2026,8,126515001-7903,District,High School of the Future,False
1050,126515001-7780,126515001,7780,105,421899000765,Paul Robeson High School for Human Services,District,SDP K12 Schools,High,Citywide,3,"39.95679553, -75.20476311",2019,2026,8,126515001-7780,District,Paul Robeson High School for Human Services,False
1100,126515001-7245,126515001,7245,110,421899003825,William L. Sayre High School,District,SDP K12 Schools,High,Catchment,3,"39.95759354, -75.23859405",2019,2026,8,126515001-7245,District,William L. Sayre High School,False
1130,126515001-8297,126515001,8297,113,421899007496,William T. Tilden Middle School,District,SDP K12 Schools,Middle,Catchment,2,"39.92093619, -75.23227632",2019,2026,8,126515001-8297,District,William T. Tilden School|William T. Tilden Middle School,False
1190,126515001-7815,126515001,7815,119,421899000830,Motivation High School,District,SDP K12 Schools,High,Criteria-Based,3,"39.94453199, -75.24184422",2019,2026,8,126515001-7815,District,Motivation High School,False
1200,126515001-8029,126515001,8029,120,421899006869,John Barry School,District,SDP K12 Schools,Elementary-Middle,Catchment,4,"39.96437494, -75.23860376",2019,2026,8,126515001-8029,District,John Barry School,False
1230,126515001-3601,126515001,3601,123,421899003601,William C. Bryant School,District,SDP K12 Schools,Elementary-Middle,Catchment,3,"39.952687, -75.243691",2019,2026,8,126515001-3601,District,William C. Bryant School,False
1250,126515001-3602,126515001,3602,125,421899003602,Joseph W. Catharine School,District,SDP K12 Schools,Elementary,Catchment,2,"39.927435, -75.239911",2019,2026,8,126515001-3602,District,Joseph W. Catharine School,False
1260,126515001-3782,126515001,3782,126,421899003782,Benjamin B. Comegys School,District,SDP K12 Schools,Elementary-Middle,Catchment,3,"39.94052, -75.216289",2019,2026,8,126515001-3782,District,Benjamin B. Comegys School,False
1280,126515001-7706,126515001,7706,128,421899000619,Sadie T.M. Alexander UPenn Partnership School,District,SDP K12 Schools,Elementary-Middle,Catchment,3,"39.953099, -75.208187",2019,2026,8,126515001-7706,District,Sadie Alexander School|Sadie T.M. Alexander UPenn Partnership School,False
1290,126515001-5185,126515001,5185,129,421899005185,Andrew Hamilton School,District,SDP K12 Schools,Elementary-Middle,Catchment,3,"39.955438, -75.235543",2019,2026,8,126515001-5185,District,Andrew Hamilton School,False
1300,126515001-6528,126515001,6528,130,421899006528,Avery D. Harrington School,District,SDP K12 Schools,Elementary-Middle,Catchment,3,"39.94736517, -75.23059508",2019,2026,8,126515001-6528,District,Avery D. Harrington School,False
1340,126515001-6530,126515001,6530,134,421899006530,Henry C. Lea School,District,SDP K12 Schools,Elementary-Middle,Catchment,3,"39.954515, -75.216347",2019,2026,8,126515001-6530,District,Henry C. Lea School,False
1350,126515001-6533,126515001,6533,135,421899006533,William C. Longstreth School,District,SDP K12 Schools,Elementary-Middle,Catchment,3,"39.94090823, -75.23237316",2019,2026,8,126515001-6533,District,William C. Longstreth School,False
1360,126515001-3611,126515001,3611,136,421899003611,Morton McMichael School,District,SDP K12 Schools,Elementary-Middle,Catchment,3,"39.96619727, -75.19411487",2019,2026,8,126515001-3611,District,Morton McMichael School,False
1370,126515001-3798,126515001,3798,137,421899003798,S. Weir Mitchell School,District,SDP K12 Schools,Elementary-Middle,Catchment,3,"39.93681427, -75.223291",2019,2026,8,126515001-3798,District,S. Weir Mitchell School,False
1380,126515001-6535,126515001,6535,138,421899006535,Thomas G. Morton School,District,SDP K12 Schools,Elementary,Catchment,2,"39.92346826, -75.22690015",2019,2026,8,126515001-6535,District,Thomas G. Morton School,False
1390,126515001-3783,126515001,3783,139,421899003783,Samuel Powel School,District,SDP K12 Schools,Elementary,Catchment,3,"39.9579628, -75.1939177",2019,2026,8,126515001-3783,District,Samuel Powel School,False
1400,126515001-3613,126515001,3613,140,421899003613,John M. Patterson School,District,SDP K12 Schools,Elementary,Catchment,2,"39.916095, -75.236762",2019,2026,8,126515001-3613,District,John M. Patterson School,False
1410,126515001-3614,126515001,3614,141,421899003614,James Rhoads School,District,SDP K12 Schools,Elementary-Middle,Catchment,3,"39.967339, -75.220063",2019,2026,8,126515001-3614,District,James Rhoads School,False
1420,126515001-3615,126515001,3615,142,421899003615,Martha Washington School,District,SDP K12 Schools,Elementary-Middle,Catchment,3,"39.966206, -75.211179",2019,2026,8,126515001-3615,District,Martha Washington School,False
1440,126515001-3616,126515001,3616,144,421899003616,Penrose School,District,SDP K12 Schools,Elementary-Middle,Catchment,2,"39.90692358, -75.24865833",2019,2026,8,126515001-3616,District,Penrose School,False
1460,126515001-3804,126515001,3804,146,421899003804,Add B. Anderson School,District,SDP K12 Schools,Elementary-Middle,Catchment,3,"39.946726, -75.245717",2019,2026,8,126515001-3804,District,Add B. Anderson School,False
1470,126515001-4732,126515001,4732,147,421899004732,Alain Locke School,District,SDP K12 Schools,Elementary-Middle,Catchment,3,"39.96262376, -75.21245097",2019,2026,8,126515001-4732,District,Alain Locke School,False
1490,126515001-3663,126515001,3663,149,421899003663,Rudolph Blankenburg School,District,SDP K12 Schools,Elementary-Middle,Catchment,3,"39.97296312, -75.21388868",2019,2026,8,126515001-3663,District,Rudolph Blankenburg School,False
1580,126515001-7022,126515001,7022,158,421899007223,Middle Years Alternative School,District,SDP K12 Schools,Middle,Citywide,3,"39.96425379, -75.21546704",2019,2026,8,126515001-7022,District,Middle Years Alternative School,False
2000,126515001-3859,126515001,3859,200,421899003859,South Philadelphia High School,District,SDP K12 Schools,High,Catchment,1,"39.9238987, -75.1691065",2019,2026,8,126515001-3859,District,South Philadelphia High School,False
2010,126515001-3851,126515001,3851,201,421899003851,Benjamin Franklin High School,District,SDP K12 Schools,High,Catchment,5,"39.96353, -75.16164",2019,2026,8,126515001-3851,District,Benjamin Franklin High School,False
2020,126515001-6996,126515001,6996,202,421899006996,High School for Creative and Performing Arts,District,SDP K12 Schools,High,Criteria-Based,2,"39.93941992, -75.16548375",2019,2026,8,126515001-6996,District,High School for Creative and Performing Arts School|High School for Creative and Performing Arts,False
2050,126515001-8387,126515001,8387,205,421899007592,Science Leadership Academy Middle School,District,SDP K12 Schools,Middle,Catchment,3,"39.9579628, -75.1939177",2019,2026,8,126515001-8387,District,Science Leadership Academy Middle School,False
2140,126515001-3808,126515001,3808,214,421899003808,Julia R. Masterman High School,District,SDP K12 Schools,Middle-High,Criteria-Based,5,"39.96320031, -75.16620758",2019,2026,8,126515001-3808,District,Julia R. Masterman School|Julia R. Masterman High School,False
2160,126515001-3818,126515001,3818,216,421899003818,Horace Furness High School,District,SDP K12 Schools,High,Catchment,1,"39.923762, -75.150585",2019,2026,8,126515001-3818,District,Furness High School|Horace Furness High School,False
2190,126515001-7226,126515001,7226,219,421899003639,D. Newlin Fell School,District,SDP K12 Schools,Elementary-Middle,Catchment,1,"39.91558638, -75.16300858",2019,2026,8,126515001-7226,District,D. Newlin Fell School,False
2210,126515001-3618,126515001,3618,221,421899003618,Bache-Martin School,District,SDP K12 Schools,Elementary-Middle,Catchment,5,"39.96967782, -75.17384692",2019,2026,8,126515001-3618,District,Bache-Martin School,False
2240,126515001-3620,126515001,3620,224,421899003620,F. Amedee Bregy School,District,SDP K12 Schools,Elementary-Middle,Catchment,2,"39.914699, -75.176674",2019,2026,8,126515001-3620,District,F. Amedee Bregy School,False
2260,126515001-3622,126515001,3622,226,421899003622,George W. Childs School,District,SDP K12 Schools,Elementary-Middle,Catchment,2,"39.934637, -75.170493",2019,2026,8,126515001-3622,District,George W. Childs School,False
2290,126515001-6822,126515001,6822,229,421899006822,Franklin Learning Center,District,SDP K12 Schools,High,Criteria-Based,5,"39.965049, -75.162753",2019,2026,8,126515001-6822,District,Franklin Learning Center,False
2310,126515001-9999,126515001,9999,231,,Achieve Academy of Philadelphia,Contracted,Alternate Schools,Transition/Overage School,Alternative,5,"39.978134, -75.177658",2019,2026,2,126515001-9999,Contracted,Camelot Academy|Achieve Academy of Philadelphia,True
2320,126515001-3776,126515001,3776,232,421899003776,Stephen Girard School,District,SDP K12 Schools,Elementary,Catchment,2,"39.925059, -75.176611",2019,2026,8,126515001-3776,District,Stephen Girard School,False
2340,126515001-3648,126515001,3648,234,421899003648,General George A. McCall School,District,SDP K12 Schools,Elementary-Middle,Catchment,1,"39.944635, -75.15318",2019,2026,8,126515001-3648,District,General George A. McCall School,False
2370,126515001-3629,126515001,3629,237,421899003629,Delaplaine McDaniel School,District,SDP K12 Schools,Elementary-Middle,Catchment,2,"39.929592, -75.181793",2019,2026,8,126515001-3629,District,Delaplaine McDaniel School,False
2380,126515001-3649,126515001,3649,238,421899003649,William M. Meredith School,District,SDP K12 Schools,Elementary-Middle,Catchment,1,"39.93974936, -75.15113339",2019,2026,8,126515001-3649,District,William M. Meredith School,False
2390,126515001-4868,126515001,4868,239,421899004868,Robert Morris School,District,SDP K12 Schools,Elementary-Middle,Catchment,5,"39.975439, -75.17866",2019,2026,8,126515001-4868,District,Robert Morris School,False
2410,126515001-7664,126515001,7664,241,421899000551,Girard Academic Music Program High School,District,SDP K12 Schools,Middle-High,Criteria-Based,2,"39.92210463, -75.18256439",2019,2026,8,126515001-7664,District,Girard Academic Music Program|Girard Academic Music Program High School,False
2450,126515001-3635,126515001,3635,245,421899003635,Edwin M. Stanton School,District,SDP K12 Schools,Elementary-Middle,Catchment,2,"39.940503, -75.171017",2019,2026,8,126515001-3635,District,Edwin M. Stanton School,False
2470,126515001-5186,126515001,5186,247,421899005186,Albert M. Greenfield School,District,SDP K12 Schools,Elementary-Middle,Catchment,2,"39.95227234, -75.17739206",2019,2026,8,126515001-5186,District,Albert M. Greenfield School,False
2480,126515001-3805,126515001,3805,248,421899003805,Marian Anderson Neighborhood Academy,District,SDP K12 Schools,Elementary-Middle,Catchment,2,"39.94190083, -75.17569882",2019,2026,8,126515001-3805,District,Chester A. Arthur School|Marian Anderson Neighborhood Academy,False
2490,126515001-7225,126515001,7225,249,421899003636,Laura W. Waring School,District,SDP K12 Schools,Elementary-Middle,Catchment,5,"39.96491939, -75.1677006",2019,2026,8,126515001-7225,District,Laura W. Waring School,False
2510,126515001-3642,126515001,3642,251,421899003642,Fanny Jackson Coppin School,District,SDP K12 Schools,Elementary-Middle,Catchment,1,"39.934623, -75.163481",2019,2026,8,126515001-3642,District,Andrew Jackson School|Fanny Jackson Coppin School,False
2520,126515001-7227,126515001,7227,252,421899003644,Abram S. Jenks School,District,SDP K12 Schools,Elementary,Catchment,1,"39.918773, -75.168367",2019,2026,8,126515001-7227,District,Abram S. Jenks School,False
2530,126515001-9999,126515001,9999,253,,Philadelphia Juvenile Justice Services Center,District,Alternate Schools,Transition/Overage School,Alternative,3,"39.96136565, -75.21572624",2019,2026,2,126515001-9999,District,Phila. Juv. Justice Services Ctr. School|Philadelphia Juvenile Justice Services Center,True
2540,126515001-7228,126515001,7228,254,421899003646,Francis S. Key School,District,SDP K12 Schools,Elementary,Catchment,1,"39.9213857, -75.1601961",2019,2026,8,126515001-7228,District,Francis S. Key School,False
2580,126515001-3647,126515001,3647,258,421899003647,Eliza B. Kirkbride School,District,SDP K12 Schools,Elementary-Middle,Catchment,1,"39.93002, -75.156466",2019,2026,8,126515001-3647,District,Eliza B. Kirkbride School,False
2590,126515001-3650,126515001,3650,259,421899003650,George W. Nebinger School,District,SDP K12 Schools,Elementary-Middle,Catchment,1,"39.936694, -75.15383",2019,2026,8,126515001-3650,District,George W. Nebinger School,False
2620,126515001-7904,126515001,7904,262,421899000962,Academy at Palumbo,District,SDP K12 Schools,High,Criteria-Based,2,"39.94019787, -75.16194915",2019,2026,8,126515001-7904,District,Academy at Palumbo,False
2630,126515001-3653,126515001,3653,263,421899003653,George W. Sharswood School,District,SDP K12 Schools,Elementary-Middle,Catchment,1,"39.91935714, -75.15055053",2019,2026,8,126515001-3653,District,George W. Sharswood School,False
2640,126515001-3654,126515001,3654,264,421899003654,Southwark School,District,SDP K12 Schools,Elementary-Middle,Catchment,1,"39.92637775, -75.16053168",2019,2026,8,126515001-3654,District,Southwark School,False
2650,126515001-7906,126515001,7906,265,421899000923,Science Leadership Academy High School,District,SDP K12 Schools,High,Criteria-Based,5,"39.963701, -75.162516",2019,2026,8,126515001-7906,District,Science Leadership Academy|Science Leadership Academy High School,False
2670,126515001-7905,126515001,7905,267,421899001010,Constitution High School,District,SDP K12 Schools,High,Citywide,1,"39.950252, -75.152336",2019,2026,8,126515001-7905,District,Constitution High School,False
2680,126515001-8330,126515001,8330,268,421899007524,The Science Leadership Academy at Beeber High School,District,SDP K12 Schools,Middle-High,Criteria-Based,4,"39.98610221, -75.24192008",2019,2026,8,126515001-8330,District,The Science Leadership Academy at Beeber|The Science Leadership Academy at Beeber High School,False
2690,126515001-3657,126515001,3657,269,421899003657,John H. Taggart School,District,SDP K12 Schools,Elementary-Middle,Catchment,1,"39.91721223, -75.15452237",2019,2026,8,126515001-3657,District,John H. Taggart School,False
2720,126515001-8294,126515001,8294,272,421899007511,Vare-Washington School,District,SDP K12 Schools,Elementary-Middle,Catchment,1,"39.93427949, -75.15252649",2019,2026,8,126515001-8294,District,Vare-Washington School,False
3040,126515001-9999,126515001,9999,304,,Excel Middle Years Academy,Contracted,Alternate Schools,Transition/Overage School,Alternative,5,"39.99074371, -75.18402464",2026,2026,1,126515001-9999,Contracted,Excel Middle Years Academy,True
3190,126515001-9999,126515001,9999,319,,Crossroads at Hunting Park,District,Alternate Schools,Transition/Overage School,Alternative,7,"40.01425525, -75.12599679",2019,2026,2,126515001-9999,District,Crossroads at Hunting Park,True
3210,126515001-9999,126515001,9999,321,,Ben Franklin High School EOP,District,Alternate Schools,Transition/Overage School,Alternative,5,"39.962909, -75.15921",2019,2026,2,126515001-9999,District,Ben Franklin High School EOP,True
3240,326510730-0,326510730,0,324,,The Fortis Program,Contracted,Alternate Schools,Transition/Overage School,Alternative,7,"39.994204, -75.111842",2019,2026,2,126515001-0|326510730-0,Contracted,Liguori Academy-Fortis|The Fortis Program,True
3290,126515001-9999,126515001,9999,329,,Excel Academy South,Contracted,Alternate Schools,Transition/Overage School,Alternative,7,"40.02608143, -75.10251944",2019,2026,2,126515001-9999,Contracted,Excel Academy South,True
3301,126512840-7510,126512840,7510,W01,420001300318,Community Academy of Philadelphia Charter School,Charter,Charter Schools,Elementary-Middle-High,Citywide,7,"40.00538049, -75.10735613",2019,2026,8,126512840-7510,Charter,Community Academy of Philadelphia Charter School,False
3302,126512850-7511,126512850,7511,W02,420001400319,Harambee Institute of Science and Technology Charter School,Charter,Charter Schools,Elementary-Middle,Citywide,4,"39.97309111, -75.25171974",2019,2026,8,126512850-7511,Charter,Harambee Institute of Science and Technology Charter School,False
3304,126512870-7513,126512870,7513,W04,420001600324,YouthBuild Philadelphia Charter School,Charter,Charter Schools,High,Citywide,5,"39.97290649, -75.15863287",2019,2026,8,126512870-7513,Charter,YouthBuild Philadelphia Charter School,False
3306,126513160-7575,126513160,7575,W06,420005200489,Christopher Columbus Charter School,Charter,Charter Schools,Elementary-Middle,Citywide,1,"39.93894574, -75.15824752",2019,2026,8,126513160-7575,Charter,Christopher Columbus Charter School,False
3307,126513100-7564,126513100,7564,W07,420004300405,Eugenio Maria De Hostos Charter School,Charter,Charter Schools,Elementary-Middle,Citywide,9,"40.04655012, -75.12324994",2019,2026,8,126513100-7564,Charter,Eugenio Maria De Hostos Charter School,False
3308,126513070-7557,126513070,7557,W08,420004200404,Inquiry Charter School,Charter,Charter Schools,Elementary,Citywide,3,"39.97475234, -75.21252924",2019,2026,8,126513070-7557,Charter,Inquiry Charter School,False
3309,126512980-7542,126512980,7542,W09,420003800393,Imhotep Institute Charter High School,Charter,Charter Schools,High,Citywide,8,"40.049427, -75.154717",2019,2026,8,126512980-7542,Charter,Imhotep Institute Charter High School,False
3310,126513110-7565,126513110,7565,W10,420004400406,Laboratory Charter School of Communication and Languages,Charter,Charter Schools,Elementary-Middle,Citywide,5,"40.001404, -75.145662",2019,2026,8,126513110-7565,Charter,Laboratory Charter School of Communication and Languages,False
3312,126513000-7546,126513000,7546,W12,420004000399,Multicultural Academy Charter School,Charter,Charter Schools,High,Citywide,5,"40.01112725, -75.15073123",2019,2026,8,126513000-7546,Charter,Multicultural Academy Charter School,False
3313,126512960-7540,126512960,7540,W13,420003600391,"Preparatory Charter School of Mathematics, Science, Technology and Careers",Charter,Charter Schools,High,Citywide,2,"39.92845355, -75.18665686",2019,2026,8,126512960-7540,Charter,"Preparatory Charter School of Mathematics, Science, Technology and Careers",False
3314,126513020-7548,126513020,7548,W14,420004100403,West Oak Lane Charter School,Charter,Charter Schools,Elementary-Middle,Citywide,9,"40.05936358, -75.16363798",2019,2026,8,126513020-7548,Charter,West Oak Lane Charter School,False
3315,126512990-7543,126512990,7543,W15,420003900398,Alliance For Progress Charter School,Charter,Charter Schools,Elementary-Middle,Citywide,5,"39.979731, -75.165471",2019,2026,8,126512990-7543,Charter,Alliance For Progress Charter School,False
3317,126513190-7578,126513190,7578,W17,420005300493,Architecture and Design Charter School,Charter,Charter Schools,High,Citywide,1,"39.948892, -75.152249",2019,2020,2,126513190-7578,Charter,Architecture and Design Charter School,False
3318,126513270-7586,126513270,7586,W18,420006000502,Freire Charter School,Charter,Charter Schools,Middle-High,Citywide,5,"39.95247289, -75.17442259",2019,2026,8,126513270-7586,Charter,Freire Charter School,False
3321,126513230-7582,126513230,7582,W21,420005600496,"Math, Civics and Sciences Charter School",Charter,Charter Schools,Elementary-Middle-High,Citywide,1,"39.961301, -75.160970",2019,2024,6,126513230-7582,Charter,"Math, Civics and Sciences Charter School",False
3322,126513280-7587,126513280,7587,W22,420006100503,Philadelphia Academy Charter School,Charter,Charter Schools,Elementary-Middle-High,Citywide,10,"40.10358436, -75.01109307",2019,2026,8,126513280-7587,Charter,Philadelphia Academy Charter School,False
3323,126513290-7588,126513290,7588,W23,420006200504,Mastery Charter School at Hardy Williams,Charter,Charter Schools,Elementary-Middle-High,Citywide,3,"39.941562, -75.226447",2019,2026,8,126513290-7588,Charter,Mastery Charter School at Hardy Williams,False
3326,126513210-7580,126513210,7580,W26,420005500495,Universal Institute Charter School,Charter,Charter Schools,Elementary-Middle,Citywide,2,"39.940931, -75.16794",2019,2026,8,126513210-7580,Charter,Universal Institute Charter School,False
3328,126513150-7574,126513150,7574,W28,420005100488,"Mathematics, Science, and Technology Community Charter School (MaST)",Charter,Charter Schools,Elementary-Middle-High,Citywide,10,"40.113832, -75.005658",2019,2026,8,126513150-7574,Charter,"Mathematics, Science, and Technology Community Charter School (MaST)",False
3329,126513250-7584,126513250,7584,W29,420005800500,Young Scholars Charter School,Charter,Charter Schools,Middle,Citywide,5,"39.96734659, -75.14799661",2019,2026,8,126513250-7584,Charter,Young Scholars Charter School,False
3331,126513450-7666,126513450,7666,W31,420007700554,Franklin Towne Charter High School,Charter,Charter Schools,High,Citywide,6,"40.007337, -75.066611",2019,2026,8,126513450-7666,Charter,Franklin Towne Charter High School,False
3332,126513480-7672,126513480,7672,W32,420007900564,Mariana Bracetti Academy Charter School,Charter,Charter Schools,Elementary-Middle-High,Citywide,6,"40.005757, -75.094146",2019,2026,8,126513480-7672,Charter,Mariana Bracetti Academy Charter School,False
3333,126513440-7665,126513440,7665,W33,420007600552,Esperanza Academy Charter School,Charter,Charter Schools,Elementary-Middle-High,Citywide,7,"40.01478539, -75.13232396",2019,2026,8,126513440-7665,Charter,Esperanza Academy Charter School,False
3334,126513420-7649,126513420,7649,W34,420007500531,New Foundations Charter School,Charter,Charter Schools,Elementary-Middle-High,Citywide,6,"40.03507, -75.024187",2019,2026,8,126513420-7649,Charter,New Foundations Charter School,False
3335,126510004-7685,126510004,7685,W35,420008500586,People for People Charter School,Charter,Charter Schools,Elementary-Middle-High,Citywide,5,"39.96810141, -75.16067477",2019,2026,8,126510004-7685,Charter,People for People Charter School,False
3336,126513400-7647,126513400,7647,W36,420007400529,Philadelphia Performing Arts Charter School,Charter,Charter Schools,Elementary-Middle-High,Citywide,2,"39.91777662, -75.17166577",2019,2026,8,126513400-7647,Charter,Philadelphia Performing Arts: A String Theory Charter School|Philadelphia Performing Arts Charter School,False
3337,126513380-7639,126513380,7639,W37,420007300515,Global Leadership Academy Charter School,Charter,Charter Schools,Elementary-Middle,Citywide,4,"39.97335953, -75.2154352",2019,2026,8,126513380-7639,Charter,Global Leadership Academy Charter School,False
3341,126513510-7683,126513510,7683,W41,420008700584,Independence Charter School,Charter,Charter Schools,Elementary-Middle,Citywide,2,"39.94496682, -75.16855598",2019,2026,8,126513510-7683,Charter,Independence Charter School,False
3350,126510017-7826,126510017,7826,W50,420013100847,Khepera Charter School,Charter,Charter Schools,Elementary-Middle,Citywide,5,"40.00139998, -75.14518753",2019,2019,1,126510017-7826,Charter,Khepera Charter School,False
3353,126514864-8358,126514864,8358,W53,420088607568,KIPP DuBois Charter School,Charter,Charter Schools,High,Citywide,4,"39.98043019, -75.22085032",2019,2026,8,126514864-8358,Charter,KIPP DuBois Charter School,False
3357,126510006-7722,126510006,7722,W57,420010500657,West Philadelphia Achievement Charter School,Charter,Charter Schools,Elementary,Citywide,4,"39.970667, -75.254111",2019,2026,8,126510006-7722,Charter,West Philadelphia Achievement Charter School,False
3358,126510009-7737,126510009,7737,W58,420010700678,Philadelphia Electrical and Technology Charter High School,Charter,Charter Schools,High,Citywide,5,"39.9566589, -75.1681729",2019,2026,8,126510009-7737,Charter,Philadelphia Electrical and Technology Charter School|Philadelphia Electrical and Technology Charter High School,False
3359,126510008-7684,126510008,7684,W59,420008600585,Richard Allen Preparatory Charter School,Charter,Charter Schools,Middle,Citywide,3,"39.92809187, -75.21926743",2019,2026,8,126510008-7684,Charter,Richard Allen Preparatory Charter School,False
3360,126510001-7677,126510001,7677,W60,420009200577,Russell Byers Charter School,Charter,Charter Schools,Elementary-Middle,Citywide,5,"39.95594922, -75.17155064",2019,2026,8,126510001-7677,Charter,Russell Byers Charter School,False
3361,126510002-7678,126510002,7678,W61,420008400578,Mastery Charter High School,Charter,Charter Schools,Middle-High,Citywide,1,"39.94950579, -75.14734776",2019,2026,8,126510002-7678,Charter,Mastery Charter School at Lenfest|Mastery Charter High School,False
3362,126510007-7724,126510007,7724,W62,420010600659,Wissahickon Charter School,Charter,Charter Schools,Elementary-Middle,Citywide,4,"40.01537246, -75.17405347",2019,2026,8,126510007-7724,Charter,Wissahickon Charter School,False
3364,100510000-7744,100510000,7744,W64,420009300687,First Philadelphia Preparatory Charter School,Charter,Charter Schools,Elementary-Middle-High,Citywide,7,"40.00719991, -75.08240619",2019,2026,8,100510000-7744,Charter,First Philadelphia Preparatory Charter School,False
3365,126510005-7748,126510005,7748,W65,420010400690,Green Woods Charter School,Charter,Charter Schools,Elementary-Middle,Citywide,4,"40.04416378, -75.23385852",2019,2026,8,126510005-7748,Charter,Green Woods Charter School,False
3366,126510014-7777,126510014,7777,W66,420012300759,Maritime Academy Charter School,Charter,Charter Schools,Elementary-Middle-High,Citywide,6,"40.007862, -75.068318",2019,2026,8,126510014-7777,Charter,Maritime Academy Charter School (MACHS)|Maritime Academy Charter School,False
3368,126510010-7750,126510010,7750,W68,420010800692,Belmont Elementary Charter School,Charter,Charter Schools,Elementary-Middle-High,Catchment,3,"39.96696484, -75.20487093",2019,2026,8,126510010-7750,Charter,Belmont Charter School|Belmont Elementary Charter School,False
3370,126510013-7776,126510013,7776,W70,420012200758,KIPP Philadelphia Charter School,Charter,Charter Schools,Elementary-Middle,Citywide,5,"39.992038, -75.158039",2019,2026,8,126510013-7776,Charter,KIPP Philadelphia Charter School,False
3372,126510011-7775,126510011,7775,W72,420012100757,The Jacquelyn Y. Kelley Discovery Charter School,Charter,Charter Schools,Elementary-Middle,Citywide,4,"39.97770823, -75.21350485",2019,2026,8,126510011-7775,Charter,Discovery Charter School|The Jacquelyn Y. Kelley Discovery Charter School,False
3378,126510016-7828,126510016,7828,W78,420013000849,Philadelphia Montessori Charter School,Charter,Charter Schools,Elementary,Citywide,2,"39.91656437, -75.24515327",2019,2026,8,126510016-7828,Charter,Philadelphia Montessori Charter School,False
3379,126510015-7825,126510015,7825,W79,420012900846,Ad Prima Charter School,Charter,Charter Schools,Elementary-Middle,Citywide,4,"39.984296, -75.24786",2019,2026,8,126510015-7825,Charter,Ad Prima Charter School,False
3383,126510022-7909,126510022,7909,W83,420014500944,Mastery Charter School at Shoemaker,Charter,Charter Schools,Middle-High,Citywide,4,"39.975799, -75.228437",2019,2026,8,126510022-7909,Charter,Mastery Charter School at Shoemaker,False
3384,126510021-7857,126510021,7857,W84,420014100897,Folk Arts-Cultural Treasures Charter School,Charter,Charter Schools,Elementary-Middle,Citywide,1,"39.95885103, -75.15551365",2019,2026,8,126510021-7857,Charter,Folk Arts-Cultural Treasures Charter School,False
3385,126510023-7910,126510023,7910,W85,420014400925,Mastery Charter School at Thomas Campus,Charter,Charter Schools,Elementary-Middle-High,Citywide,1,"39.91454096, -75.16358831",2019,2026,8,126510023-7910,Charter,Mastery Charter School at Thomas Campus,False
3386,126510019-7856,126510019,7856,W86,420013900894,Northwood Academy Charter School,Charter,Charter Schools,Elementary-Middle,Citywide,7,"40.02015006, -75.09523811",2019,2026,8,126510019-7856,Charter,Northwood Academy Charter School,False
3388,185515523-7981,185515523,7981,W88,420076006107,Boys' Latin of Philadelphia Charter School,Charter,Charter Schools,Middle-High,Citywide,3,"39.95172558, -75.23374851",2019,2026,9,185515523-7981,Charter,Boys Latin of Philadelphia Charter School|Boys' Latin of Philadelphia Charter School,False
3389,182514568-7979,182514568,7979,W89,420076206103,Keystone Academy Charter School,Charter,Charter Schools,Elementary-Middle,Citywide,6,"40.021916, -75.045089",2019,2026,8,182514568-7979,Charter,Keystone Academy Charter School,False
3392,108515107-7960,108515107,7960,W92,420075806112,Southwest Leadership Academy Charter School,Charter,Charter Schools,Elementary-Middle,Citywide,2,"39.918099, -75.2426",2019,2026,8,108515107-7960,Charter,Southwest Leadership Academy Charter School,False
3393,151514721-7961,151514721,7961,W93,420076106025,Mastery Charter School at Pickett,Charter,Charter Schools,Middle-High,Citywide,8,"40.03187441, -75.18087124",2019,2026,8,151514721-7961,Charter,Mastery Charter School at Pickett,False
3394,173515368-7985,173515368,7985,W94,420081006871,Pan American Academy Charter School,Charter,Charter Schools,Elementary-Middle,Citywide,7,"39.99428061, -75.13614883",2019,2026,8,173515368-7985,Charter,Pan American Academy Charter School,False
3395,104510394-8031,104510394,8031,W95,420081306909,Antonia Pantoja Charter School,Charter,Charter Schools,Elementary-Middle,Citywide,7,"40.01300525, -75.13136564",2019,2026,8,104510394-8031,Charter,Antonia Pantoja Charter School,False
3396,172510793-8124,172510793,8124,W96,420081507308,KIPP West Philadelphia Preparatory Charter School,Charter,Charter Schools,Middle,Citywide With Criteria,3,"39.94453199, -75.24184422",2019,2021,3,172510793-8124,Charter,KIPP West Philadelphia Preparatory Charter School,False
3397,177518712-8127,177518712,8127,W97,420082206949,Eastern University Academy Charter School,Charter,Charter Schools,Middle-High,Citywide,4,"40.012165, -75.183476",2019,2019,1,177518712-8127,Charter,Eastern University Academy Charter School,False
3399,114514135-8083,114514135,8083,W99,420081606948,Sankofa Freedom Academy Charter School,Charter,Charter Schools,Elementary-Middle-High,Citywide,1,"39.987082, -75.128641",2019,2026,8,114514135-8083,Charter,Sankofa Freedom Academy Charter School,False
3403,147513703-8123,147513703,8123,X03,420081706985,Franklin Towne Charter Elementary School,Charter,Charter Schools,Elementary-Middle,Citywide,6,"39.99551599, -75.07472434",2019,2026,8,147513703-8123,Charter,Franklin Towne Charter Elementary School,False
3404,192518422-8126,192518422,8126,X04,420082106962,Tacony Academy Charter School,Charter,Charter Schools,Elementary-Middle-High,Citywide,10,"40.06684222, -75.06598353",2019,2026,8,192518422-8126,Charter,Tacony Academy Charter School,False
3406,133513315-8149,133513315,8149,X06,420083907353,Aspira Charter School at Stetson,Charter,Charter Schools,Middle,Neighborhood,7,"39.99806894, -75.12546663",2019,2022,4,133513315-8149,Charter,Aspira Charter School at Stetson,False
3407,126516457-8153,126516457,8153,X07,420082807351,Mastery Charter School at Harrity,Charter,Charter Schools,Elementary-Middle,Catchment,3,"39.94852458, -75.23548525",2019,2026,8,126516457-8153,Charter,Mastery Charter School at Harrity,False
3408,126519433-8152,126519433,8152,X08,420083107367,Mastery Charter School at Mann,Charter,Charter Schools,Elementary,Catchment,4,"39.98590147, -75.2313266",2019,2026,8,126519433-8152,Charter,Mastery Charter School at Mann,False
3409,126517286-8151,126517286,8151,X09,420082907358,Mastery Charter School at Smedley,Charter,Charter Schools,Elementary,Catchment,7,"40.019786, -75.073892",2019,2026,8,126517286-8151,Charter,Mastery Charter School at Smedley,False
3410,168513758-8145,168513758,8145,X10,420083407357,Bluford Charter School,Charter,Charter Schools,Elementary,Neighborhood,4,"39.973739, -75.236020",2019,2023,5,168513758-8145,Charter,Universal Charter School at Bluford|Bluford Charter School,False
3411,103519376-8146,103519376,8146,X11,420082707366,Universal Charter School at Daroff,Charter,Charter Schools,Elementary-Middle,Neighborhood,4,"39.96558158, -75.2325217",2019,2022,4,103519376-8146,Charter,Universal Charter School at Daroff,False
3412,126518547-8150,126518547,8150,X12,420083007365,Mastery Charter School at Douglass,Charter,Charter Schools,Elementary-Middle,Catchment,5,"39.98461532, -75.16846267",2019,2026,8,126518547-8150,Charter,Mastery Charter School at Douglass,False
3414,126513452-8205,126513452,8205,X14,420084307386,Aspira Charter School at Olney,Charter,Charter Schools,High,Neighborhood,8,"40.028772, -75.123808",2019,2022,4,126513452-8205,Charter,Aspira Charter School at Olney,False
3415,126511748-8208,126511748,8208,X15,420084007400,Mastery Charter School at Clymer,Charter,Charter Schools,Elementary,Catchment,5,"39.99565934, -75.15034419",2019,2026,8,126511748-8208,Charter,Mastery Charter School at Clymer,False
3416,126513734-8207,126513734,8207,X16,420085107414,Mastery Charter School at Gratz,Charter,Charter Schools,Middle-High,Catchment,8,"40.01453965, -75.15660685",2019,2026,8,126513734-8207,Charter,Mastery Charter School at Gratz,False
3417,126519434-8195,126519434,8195,X17,420085607402,Universal Charter School at Audenried,Charter,Charter Schools,High,Catchment,2,"39.933737, -75.19859",2019,2026,8,126519434-8195,Charter,Universal Charter School at Audenried,False
3418,126513415-8196,126513415,8196,X18,420085507421,Universal Charter School at Vare,Charter,Charter Schools,Middle,Catchment,2,"39.925837, -75.185707",2019,2026,8,126513415-8196,Charter,Universal Charter School at Vare,False
3419,126519476-8206,126519476,8206,X19,420085007405,General David B. Birney Charter School,Charter,Charter Schools,Elementary-Middle,Catchment,8,"40.02954904, -75.13883269",2019,2026,8,126519476-8206,Charter,Lindley Academy Charter @ Birney|Lindley Academy Charter at Birney|General David B. Birney Charter School,False
3420,126519644-8259,126519644,8259,X20,420086207474,Mastery Charter School at Cleveland,Charter,Charter Schools,Elementary-Middle,Catchment,8,"40.01027824, -75.15908455",2019,2026,7,126519644-8259,Charter,Mastery Charter School at Cleveland,False
3421,126517442-8251,126517442,8251,X21,420086607457,Universal Charter School at Creighton,Charter,Charter Schools,Elementary-Middle,Catchment,9,"40.03404277, -75.10586492",2019,2026,8,126517442-8251,Charter,Universal Charter School at Creighton,False
3422,126515691-8252,126515691,8252,X22,420086307473,The Philadelphia Charter School for Arts and Sciences,Charter,Charter Schools,Elementary-Middle,Catchment,7,"40.02423246, -75.08599631",2019,2026,8,126515691-8252,Charter,The Philadelphia Charter School for Arts and Sciences,False
3423,126519392-8257,126519392,8257,X23,420087007454,Memphis Street Academy Charter School at J.P. Jones,Charter,Charter Schools,Middle,Catchment,1,"39.98588986, -75.11285949",2019,2026,8,126519392-8257,Charter,Memphis Street Academy Charter School at J.P. Jones,False
3424,126512674-8287,126512674,8287,X24,420087207491,Universal Charter School at Alcorn,Charter,Charter Schools,Elementary-Middle,Catchment,2,"39.935499, -75.197771",2019,2026,8,126512674-8287,Charter,Universal Charter School at Alcorn,False
3426,126518795-8288,126518795,8288,X26,420087407515,Mastery Charter School at Pastorius,Charter,Charter Schools,Elementary-Middle,Catchment,8,"40.048208, -75.161424",2019,2026,7,126518795-8288,Charter,Mastery Charter School at Pastorius,False
3427,126518118-8365,126518118,8365,X27,420088907599,Mastery Charter School at Wister,Charter,Charter Schools,Elementary,Catchment,8,"40.03288146, -75.16672063",2019,2026,8,126518118-8365,Charter,Mastery Charter School at Wister,False
3428,126518004-8390,126518004,8390,X28,420089207595,Global Leadership Academy Charter School Southwest at Huey,Charter,Charter Schools,Elementary-Middle,Catchment,3,"39.95332691, -75.22685833",2019,2026,8,126518004-8390,Charter,Global Leadership Academy at Huey|Global Leadership Academy Charter School Southwest at Huey,False
3436,126515362-8499,126515362,8499,,428939510030,KIPP Octavius Catto Charter School,Charter,Charter Schools,Elementary,Citywide,3,"39.959724, -75.21459105",2023,2026,4,126515362-8499,Charter,KIPP Octavius Catto Charter School,False
3437,126514059-8431,126514059,8431,X37,420090107660,KIPP North Philadelphia Charter School,Charter,Charter Schools,Elementary,Citywide,5,"39.99193, -75.158212",2020,2026,7,126514059-8431,Charter,KIPP North Philadelphia Charter School,False
3438,126516724-8425,126516724,8425,X38,420089907663,Deep Roots Charter School,Charter,Charter Schools,Elementary,Citywide,6,"39.998066, -75.101664",2019,2026,8,126516724-8425,Charter,Deep Roots Charter School,False
3439,126517643-8427,126517643,8427,X39,420090007662,Mastery Prep Elementary Charter School,Charter,Charter Schools,Elementary,Citywide,8,"40.013457, -75.156128",2020,2026,7,126517643-8427,Charter,Mastery Prep Elementary Charter School,False
3440,126513117-8360,126513117,8360,X40,420089107602,MaST Community Charter School II,Charter,Charter Schools,Elementary-High,Citywide,6,"40.017476, -75.044372",2019,2026,8,126513117-8360,Charter,MaST Community Charter School II,False
3441,126511530-8359,126511530,8359,X41,420089507589,TECH Freire Charter School,Charter,Charter Schools,High,Citywide,5,"39.986869, -75.155669",2019,2026,8,126511530-8359,Charter,TECH Freire Charter School,False
3442,126512039-8361,126512039,8361,X42,420089307600,Impact Charter School West,Charter,Charter Schools,Elementary-Middle,Citywide,3,"39.93731366, -75.22614036",2019,2026,8,126512039-8361,Charter,Independence Charter School West|Impact Charter School West,False
3443,126515492-8363,126515492,8363,X43,420088807590,KIPP West Philadelphia Charter School,Charter,Charter Schools,Elementary,Citywide,3,"39.94453199, -75.24184422",2019,2026,8,126515492-8363,Charter,KIPP West Philadelphia Charter School,False
3445,126511624-8453,126511624,8453,X45,420090307674,MAST Community Charter School III,Charter,Charter Schools,Elementary,Citywide,10,"40.109575, -74.991671",2020,2026,7,126511624-8453,Charter,MAST III Charter School|MAST Community Charter School III,False
3446,126510929-8454,126510929,8454,X46,420090207673,Philadelphia Hebrew Public Charter School,Charter,Charter Schools,Elementary,Citywide,4,"40.012045, -75.184376",2020,2026,7,126510929-8454,Charter,Philadelphia Hebrew Charter|Philadelphia Hebrew Public Charter School,False
3510,126515001-9999,126515001,9999,351,,El Centro de Estudiantes,Contracted,Alternate Schools,Transition/Overage School,Alternative,6,"39.99560895, -75.10661699",2019,2026,2,126515001-9999,Contracted,El Centro de Estudiantes (Big Picture)|El Centro de Estudiantes,True
3540,126515001-9999,126515001,9999,354,,Ombudsman Northwest,Contracted,Alternate Schools,High,Alternative,9,"40.05586457, -75.15648403",2019,2019,1,126515001-9999,Contracted,Ombudsman Northwest,True
3810,126515001-9999,126515001,9999,381,,One Bright Ray - Elmwood,Contracted,Alternate Schools,Transition/Overage School,Alternative,2,"39.92251591, -75.22908493",2019,2026,2,126515001-9999,Contracted,One Bright Ray - Elmwood Campus|One Bright Ray - Elmwood,True
3820,126515001-9999,126515001,9999,382,,Achieve Academy of Philadelphia - East Campus,Contracted,Alternate Schools,Transition/Overage School,Alternative,7,"40.01425525, -75.12599679",2019,2026,2,126515001-9999,Contracted,Camelot Academy East|Achieve Academy of Philadelphia - East Campus,True
3850,126515001-9999,126515001,9999,385,,Northeast High School EOP,District,Alternate Schools,Transition/Overage School,Alternative,10,"40.055681, -75.071168",2019,2026,2,126515001-9999,District,Northeast High School EOP,True
3880,126515001-9999,126515001,9999,388,,South Philadelphia High School EOP,District,Alternate Schools,Transition/Overage School,Alternative,1,"39.9238987, -75.1691065",2019,2026,2,126515001-9999,District,South Philadelphia High School EOP,True
4020,126515001-3857,126515001,3857,402,421899003857,Overbrook High School,District,SDP K12 Schools,High,Catchment,4,"39.981028, -75.238556",2019,2026,8,126515001-3857,District,Overbrook High School,False
4030,126515001-7023,126515001,7023,403,421899007023,Carver High School of Engineering and Science,District,SDP K12 Schools,Middle-High,Criteria-Based,5,"39.98341809, -75.16127789",2019,2026,8,126515001-7023,District,High School of Engineering and Science|Carver High School of Engineering and Science,False
4060,126515001-3841,126515001,3841,406,421899003841,Murrell Dobbins Career and Technical High School,District,SDP K12 Schools,High,Citywide,5,"39.9954293, -75.16679334",2019,2026,8,126515001-3841,District,Murrell Dobbins Career and Technical High School|Murrell Dobbins Career and Technical Education High School,False
4140,126515001-7255,126515001,7255,414,421899003839,Strawberry Mansion High School,District,SDP K12 Schools,High,Catchment,5,"39.99074371, -75.18402464",2019,2026,8,126515001-7255,District,Strawberry Mansion High School,False
4220,126515001-3662,126515001,3662,422,421899003662,James G. Blaine School,District,SDP K12 Schools,Elementary-Middle,Catchment,5,"39.98521297, -75.18293887",2019,2026,8,126515001-3662,District,James G. Blaine School,False
4240,126515001-3664,126515001,3664,424,421899003664,Lewis C. Cassidy Academics Plus School,District,SDP K12 Schools,Elementary-Middle,Catchment,4,"39.97551874, -75.25077443",2019,2026,8,126515001-3664,District,Lewis C. Cassidy Academics Plus School,False
4270,126515001-3786,126515001,3786,427,421899003786,William Dick School,District,SDP K12 Schools,Elementary-Middle,Catchment,5,"39.98673, -75.173787",2019,2026,8,126515001-3786,District,William Dick School,False
4280,126515001-3668,126515001,3668,428,421899003668,Samuel Gompers School,District,SDP K12 Schools,Elementary-Middle,Catchment,4,"39.99205763, -75.23754028",2019,2026,8,126515001-3668,District,Samuel Gompers School,False
4300,126515001-5187,126515001,5187,430,421899005187,Edward Heston School,District,SDP K12 Schools,Elementary-Middle,Catchment,4,"39.977852, -75.229727",2019,2026,8,126515001-5187,District,Edward Heston School,False
4320,126515001-3670,126515001,3670,432,421899003670,Robert E. Lamberton School,District,SDP K12 Schools,Elementary-Middle,Catchment,4,"39.975465, -75.266329",2019,2026,8,126515001-3670,District,Robert E. Lamberton School,False
4350,126515001-8292,126515001,8292,435,421899007517,E. Washington Rhodes School,District,SDP K12 Schools,Elementary-Middle,Catchment,4,"40.00275594, -75.17812979",2019,2026,8,126515001-8292,District,E. Washington Rhodes School,False
4360,126515001-8389,126515001,8389,436,421899007593,Kenderton School,District,SDP K12 Schools,Elementary-Middle,Catchment,8,"40.00494, -75.154241",2019,2026,8,126515001-8389,District,Kenderton Elementary School|Kenderton School,False
4370,126515001-7472,126515001,7472,437,421899000237,Overbrook Elementary School,District,SDP K12 Schools,Elementary-Middle,Catchment,4,"39.98225806, -75.24584611",2019,2026,8,126515001-7472,District,Overbrook School|Overbrook Elementary School,False
4380,126515001-3675,126515001,3675,438,421899003675,Thomas M. Peirce School,District,SDP K12 Schools,Elementary,Catchment,8,"39.998839, -75.168424",2019,2026,8,126515001-3675,District,Thomas M. Peirce School,False
4440,126515001-5292,126515001,5292,444,421899005292,Dr. Ethel Allen School,District,SDP K12 Schools,Elementary-Middle,Catchment,5,"39.99757697, -75.18345963",2019,2026,8,126515001-5292,District,Dr. Ethel Allen School,False
4460,126515001-5040,126515001,5040,446,421899005040,Tanner G. Duckrey School,District,SDP K12 Schools,Elementary-Middle,Catchment,5,"39.98520302, -75.15830107",2019,2026,8,126515001-5040,District,Tanner G. Duckrey School,False
4470,126515001-5188,126515001,5188,447,421899005188,Richard R. Wright School,District,SDP K12 Schools,Elementary,Catchment,5,"39.99043963, -75.17699812",2019,2026,8,126515001-5188,District,Richard R. Wright School,False
4480,126515001-6960,126515001,6960,448,421899006960,Overbrook Educational Center,District,SDP K12 Schools,Elementary-Middle,Citywide,4,"39.97429952, -75.25401239",2019,2026,8,126515001-6960,District,Overbrook Educational Center,False
4520,126515001-8515,126515001,8515,,421899010043,Guion S. Bluford School,District,SDP K12 Schools,Elementary-Middle,Catchment,4,"39.97381132, -75.23583173",2025,2026,2,126515001-8515,District,Guion S. Bluford School,False
4530,126515001-3625,126515001,3625,453,421899003625,Edward Gideon School,District,SDP K12 Schools,Elementary-Middle,Catchment,5,"39.98447594, -75.18016456",2019,2026,8,126515001-3625,District,Edward Gideon School,False
4560,126515001-3626,126515001,3626,456,421899003626,William D. Kelley School,District,SDP K12 Schools,Elementary-Middle,Catchment,5,"39.98039173, -75.18032689",2019,2026,8,126515001-3626,District,William D. Kelley School,False
4570,126515001-3630,126515001,3630,457,421899003630,General George G. Meade School,District,SDP K12 Schools,Elementary-Middle,Catchment,5,"39.978587, -75.164718",2019,2026,8,126515001-3630,District,General George G. Meade School,False
5020,126515001-3849,126515001,3849,502,421899003849,Thomas A. Edison High School,District,SDP K12 Schools,High,Catchment,7,"40.01116485, -75.12863791",2019,2026,8,126515001-3849,District,Thomas A. Edison High School,False
5050,126515001-7850,126515001,7850,505,421899000899,Philadelphia Military Academy,District,SDP K12 Schools,High,Citywide,5,"39.98470959, -75.15443401",2019,2026,8,126515001-7850,District,Philadelphia Military Academy,False
5060,126515001-3842,126515001,3842,506,421899003842,Jules E. Mastbaum Area Vocational Technical High School,District,SDP K12 Schools,High,Citywide,1,"39.99214686, -75.11213573",2019,2026,8,126515001-3842,District,Jules E. Mastbaum Area Vocational Technical High School,False
5070,126515001-6548,126515001,6548,507,421899006548,Parkway Northwest High School,District,SDP K12 Schools,High,Criteria-Based,8,"40.05664074, -75.16457453",2019,2026,8,126515001-6548,District,Parkway Northwest High School,False
5080,126515001-7782,126515001,7782,508,421899000771,Parkway Center City Middle College High School,District,SDP K12 Schools,High,Criteria-Based,5,"39.96300501, -75.1592865",2019,2026,8,126515001-7782,District,Parkway Center City Middle College High School,False
5090,126515001-7808,126515001,7808,509,421899000821,Parkway West High School,District,SDP K12 Schools,High,Criteria-Based,3,"39.96425379, -75.21546704",2019,2026,8,126515001-7808,District,Parkway West High School,False
5150,126515001-7070,126515001,7070,515,421899007225,William W. Bodine High School,District,SDP K12 Schools,High,Criteria-Based,1,"39.96793026, -75.14343443",2019,2026,8,126515001-7070,District,William W. Bodine High School|William W. Bodine School,False
5160,126515001-8293,126515001,8293,516,421899007502,Penn Treaty School,District,SDP K12 Schools,Middle-High,Catchment,5,"39.97272711, -75.12787008",2019,2026,8,126515001-8293,District,Penn Treaty High School|Penn Treaty School,False
5170,126515001-7175,126515001,7175,517,421899007229,Julia de Burgos School,District,SDP K12 Schools,Elementary-Middle,Catchment,7,"39.99275164, -75.13862743",2019,2026,8,126515001-7175,District,Julia de Burgos School,False
5180,126515001-8440,126515001,8440,518,421899007661,Vaux High School,District,SDP K12 Schools,High,Catchment,5,"39.976325, -75.174186",2019,2026,8,126515001-8440,District,Vaux High School: A Big Picture|Vaux High School,False
5200,126515001-7256,126515001,7256,520,421899006524,Alexander Adaire School,District,SDP K12 Schools,Elementary-Middle,Catchment,5,"39.97232661, -75.12930989",2019,2026,8,126515001-7256,District,Alexander Adaire School,False
5210,126515001-3684,126515001,3684,521,421899003684,Henry A. Brown School,District,SDP K12 Schools,Elementary-Middle,Catchment,1,"39.98661748, -75.12725674",2019,2026,8,126515001-3684,District,Henry A. Brown School,False
5230,126515001-6525,126515001,6525,523,421899006525,Russell H. Conwell School,District,SDP K12 Schools,Middle,Criteria-Based,7,"39.99471406, -75.11527383",2019,2026,8,126515001-6525,District,Russell H. Conwell School,False
5250,126515001-3687,126515001,3687,525,421899003687,Paul L. Dunbar School,District,SDP K12 Schools,Elementary-Middle,Catchment,5,"39.97948773, -75.15416974",2019,2026,8,126515001-3687,District,Paul L. Dunbar School,False
5260,126515001-3688,126515001,3688,526,421899003688,Lewis Elkin School,District,SDP K12 Schools,Elementary,Catchment,7,"39.997018, -75.121274",2019,2026,8,126515001-3688,District,Lewis Elkin School,False
5300,126515001-5120,126515001,5120,530,421899005120,Horatio B. Hackett School,District,SDP K12 Schools,Elementary,Catchment,1,"39.98096374, -75.12685511",2019,2026,8,126515001-5120,District,Horatio B. Hackett School,False
5320,126515001-5125,126515001,5125,532,421899005125,John F. Hartranft School,District,SDP K12 Schools,Elementary-Middle,Catchment,5,"39.98942228, -75.14477741",2019,2026,8,126515001-5125,District,John F. Hartranft School,False
5330,126515001-3693,126515001,3693,533,421899003693,William H. Hunter School,District,SDP K12 Schools,Elementary-Middle,Catchment,7,"39.98725028, -75.13176356",2019,2026,8,126515001-3693,District,William H. Hunter School,False
5340,126515001-3694,126515001,3694,534,421899003694,James R. Ludlow School,District,SDP K12 Schools,Elementary-Middle,Catchment,5,"39.972724, -75.145854",2019,2026,8,126515001-3694,District,James R. Ludlow School,False
5350,126515001-5293,126515001,5293,535,421899005293,William McKinley School,District,SDP K12 Schools,Elementary-Middle,Catchment,7,"39.9827686, -75.14165528",2019,2026,8,126515001-5293,District,William McKinley School,False
5370,126515001-3697,126515001,3697,537,421899003697,John Moffet School,District,SDP K12 Schools,Elementary,Catchment,7,"39.97439362, -75.13498462",2019,2026,8,126515001-3697,District,John Moffet School,False
5390,126515001-5121,126515001,5121,539,421899005121,Potter-Thomas School,District,SDP K12 Schools,Elementary-Middle,Catchment,7,"39.99690701, -75.14107646",2019,2026,8,126515001-5121,District,Potter-Thomas School,False
5400,126515001-3701,126515001,3701,540,421899003701,Richmond School,District,SDP K12 Schools,Elementary,Catchment,1,"39.983496, -75.110491",2019,2026,8,126515001-3701,District,Richmond School,False
5410,126515001-3702,126515001,3702,541,421899003702,Isaac A. Sheppard School,District,SDP K12 Schools,Elementary,Catchment,7,"39.993651, -75.13163",2019,2026,8,126515001-3702,District,Isaac A. Sheppard School,False
5420,126515001-3703,126515001,3703,542,421899003703,John Welsh School,District,SDP K12 Schools,Elementary-Middle,Catchment,7,"39.98653438, -75.13941869",2019,2026,8,126515001-3703,District,John Welsh School,False
5430,126515001-6823,126515001,6823,543,421899006823,Alternative Middle Years at James Martin,District,SDP K12 Schools,Middle,Citywide,6,"39.98529996, -75.09718185",2019,2026,8,126515001-6823,District,Alternative Middle Years at James Martin,False
5440,126515001-6544,126515001,6544,544,421899006544,Frances E. Willard School,District,SDP K12 Schools,Elementary,Catchment,1,"39.993065, -75.115907",2019,2026,8,126515001-6544,District,Frances E. Willard School,False
5470,126515001-5123,126515001,5123,547,421899005123,William Cramp School,District,SDP K12 Schools,Elementary,Catchment,7,"40.00260657, -75.13036297",2019,2026,8,126515001-5123,District,William Cramp School,False
5480,126515001-3645,126515001,3645,548,421899003645,General Philip Kearny School,District,SDP K12 Schools,Elementary-Middle,Catchment,5,"39.96385753, -75.14812935",2019,2026,8,126515001-3645,District,General Philip Kearny School,False
5490,126515001-7404,126515001,7404,549,421899000105,Cayuga School,District,SDP K12 Schools,Elementary,Catchment,7,"40.017826, -75.135246",2019,2026,8,126515001-7404,District,Cayuga School,False
5500,126515001-7521,126515001,7521,550,421899000329,Thurgood Marshall School,District,SDP K12 Schools,Elementary-Middle,Catchment,8,"40.02938155, -75.13416332",2019,2026,8,126515001-7521,District,Thurgood Marshall School,False
5520,126515001-7852,126515001,7852,552,421899000901,Kensington High School for Creative and Performing Arts,District,SDP K12 Schools,High,Catchment,7,"39.97794956, -75.1330532",2019,2026,8,126515001-7852,District,Kensington High School for Creative and Performing Arts,False
5530,126515001-3800,126515001,3800,553,421899003800,Gloria Casarez School,District,SDP K12 Schools,Elementary,Catchment,7,"39.99974725, -75.11478572",2019,2026,8,126515001-3800,District,Philip H. Sheridan School|Gloria Casarez Elementary School|Gloria Casarez School,False
5550,126515001-7855,126515001,7855,555,421899000907,Kensington Health Sciences Academy,District,SDP K12 Schools,High,Catchment,1,"39.985026, -75.128685",2019,2026,8,126515001-7855,District,Kensington Health Sciences Academy,False
5560,126515001-3655,126515001,3655,556,421899003655,Spring Garden School,District,SDP K12 Schools,Elementary-Middle,Catchment,5,"39.96516155, -75.15614042",2019,2026,8,126515001-3655,District,Spring Garden School,False
5580,126515001-8507,126515001,8507,,421899010028,John B. Stetson Middle School,District,SDP K12 Schools,Middle,Catchment,7,"39.99806894, -75.12546663",2023,2026,4,126515001-8507,District,"Stetson, John B. Middle School|John B. Stetson Middle School",True
5581,126515001-8507,126515001,8507,,,Stetson Middle School Continuation Academy,Contracted,Alternate Schools,Transition/Overage School,Alternative,7,"39.99899564, -75.12538317",2024,2026,3,126515001-8507,Contracted,Stetson Middle School Continuation Academy,True
5590,126515001-5124,126515001,5124,559,421899005124,John H. Webster School,District,SDP K12 Schools,Elementary,Catchment,6,"39.996199, -75.104516",2019,2026,8,126515001-5124,District,John H. Webster School,False
5610,126515001-8332,126515001,8332,561,421899007534,Building 21,District,SDP K12 Schools,High,Citywide,9,"40.053631, -75.152481",2019,2026,8,126515001-8332,District,Building 21,False
5620,126515001-8329,126515001,8329,562,421899007547,The U School,District,SDP K12 Schools,High,Citywide,5,"39.981983, -75.146256",2019,2026,8,126515001-8329,District,The U School,False
5660,126515001-8331,126515001,8331,566,421899007525,The LINC High School,District,SDP K12 Schools,High,Citywide,7,"40.006819, -75.129736",2019,2026,8,126515001-8331,District,The LINC|The LINC High School,False
5680,126515001-7522,126515001,7522,568,421899000331,Honorable Luis Munoz-Marin School,District,SDP K12 Schools,Elementary-Middle,Catchment,7,"40.00098011, -75.13538958",2019,2026,8,126515001-7522,District,Honorable Luis Munoz-Marin School,False
5700,126515001-8388,126515001,8388,570,421899007598,Kensington High School,District,SDP K12 Schools,High,Catchment,1,"39.98483396, -75.12640188",2019,2026,8,126515001-8388,District,Kensington High School,False
6010,126515001-3848,126515001,3848,601,421899003848,Central High School,District,SDP K12 Schools,High,Criteria-Based,8,"40.0372851, -75.15074825",2019,2026,8,126515001-3848,District,Central High School,False
6030,126515001-3844,126515001,3844,603,421899003844,Roxborough High School,District,SDP K12 Schools,High,Catchment,4,"40.03802479, -75.22283357",2019,2026,8,126515001-3844,District,Roxborough High School,False
6040,126515001-3861,126515001,3861,604,421899003861,Walter B. Saul High School,District,SDP K12 Schools,High,Criteria-Based,4,"40.04902036, -75.21981676",2019,2026,8,126515001-3861,District,Walter B. Saul High School,False
6050,126515001-3843,126515001,3843,605,421899003843,Philadelphia High School for Girls,District,SDP K12 Schools,High,Criteria-Based,8,"40.0383142, -75.1460556",2019,2026,8,126515001-3843,District,Philadelphia High School for Girls,False
6060,126515001-6675,126515001,6675,606,421899006675,Martin Luther King High School,District,SDP K12 Schools,High,Catchment,8,"40.05756238, -75.16217184",2019,2026,8,126515001-6675,District,Martin Luther King High School,False
6090,126515001-7813,126515001,7813,609,421899000826,A. Philip Randolph Career and Technical High School,District,SDP K12 Schools,High,Citywide,4,"40.008504, -75.179609",2019,2026,8,126515001-7813,District,A. Philip Randolph Career and Technical High School,False
6200,126515001-3706,126515001,3706,620,421899003706,Anna B. Day School,District,SDP K12 Schools,Elementary-Middle,Catchment,8,"40.05840682, -75.16833464",2019,2026,8,126515001-3706,District,Anna B. Day School,False
6210,126515001-3708,126515001,3708,621,421899003708,Franklin S. Edmonds School,District,SDP K12 Schools,Elementary-Middle,Catchment,9,"40.0717255, -75.1692495",2019,2026,8,126515001-3708,District,Franklin S. Edmonds School,False
6220,126515001-3709,126515001,3709,622,421899003709,Eleanor C. Emlen School,District,SDP K12 Schools,Elementary,Catchment,8,"40.05436289, -75.17790573",2019,2026,8,126515001-3709,District,Eleanor C. Emlen School,False
6230,126515001-6913,126515001,6913,623,421899006913,Fitler Academics Plus School,District,SDP K12 Schools,Elementary-Middle,Citywide,8,"40.02610052, -75.16633733",2019,2026,8,126515001-6913,District,Fitler Academics Plus School,False
6250,126515001-3712,126515001,3712,625,421899003712,Charles W. Henry School,District,SDP K12 Schools,Elementary-Middle,Catchment,8,"40.04625771, -75.19658776",2019,2026,8,126515001-3712,District,Charles W. Henry School,False
6260,126515001-3713,126515001,3713,626,421899003713,Henry H. Houston School,District,SDP K12 Schools,Elementary-Middle,Catchment,8,"40.059003, -75.195084",2019,2026,8,126515001-3713,District,Henry H. Houston School,False
6270,126515001-3714,126515001,3714,627,421899003714,John S. Jenks Academy for the Arts and Sciences,District,SDP K12 Schools,Elementary-Middle,Catchment,8,"40.07440887, -75.20356162",2019,2026,8,126515001-3714,District,Jenks Academy for Arts and Sciences|John S. Jenks Academy for the Arts and Sciences,False
6300,126515001-3718,126515001,3718,630,421899003718,James Logan School,District,SDP K12 Schools,Elementary,Catchment,8,"40.03085306, -75.15205995",2019,2026,8,126515001-3718,District,James Logan School,False
6310,126515001-3719,126515001,3719,631,421899003719,John F. McCloskey School,District,SDP K12 Schools,Elementary-Middle,Catchment,9,"40.08162668, -75.17533748",2019,2026,8,126515001-3719,District,John F. McCloskey School,False
6320,126515001-3720,126515001,3720,632,421899003720,Thomas Mifflin School,District,SDP K12 Schools,Elementary-Middle,Catchment,4,"40.01357043, -75.19128804",2019,2026,8,126515001-3720,District,Thomas Mifflin School,False
6340,126515001-3722,126515001,3722,634,421899003722,Joseph Pennell School,District,SDP K12 Schools,Elementary,Catchment,8,"40.04351806, -75.15208663",2019,2026,8,126515001-3722,District,Joseph Pennell School,False
6350,126515001-6539,126515001,6539,635,421899006539,Samuel Pennypacker School,District,SDP K12 Schools,Elementary-Middle,Catchment,9,"40.06527032, -75.1597946",2019,2026,8,126515001-6539,District,Samuel Pennypacker School,False
6360,126515001-8296,126515001,8296,636,421899007477,Theodore Roosevelt School,District,SDP K12 Schools,Elementary-Middle,Catchment,8,"40.04856262, -75.17529079",2019,2026,8,126515001-8296,District,Theodore Roosevelt School,False
6380,126515001-3725,126515001,3725,638,421899003725,Shawmont School,District,SDP K12 Schools,Elementary-Middle,Catchment,4,"40.051478, -75.238543",2019,2026,8,126515001-3725,District,Shawmont School,False
6390,126515001-3727,126515001,3727,639,421899003727,Edward T. Steel School,District,SDP K12 Schools,Elementary-Middle,Catchment,8,"40.01879502, -75.15689064",2019,2026,8,126515001-3727,District,Edward T. Steel School,False
6400,126515001-3728,126515001,3728,640,421899003728,Widener Memorial School,District,SDP Special Education,Elementary-Middle-High,Citywide,8,"40.036706, -75.146598",2019,2026,8,126515001-3728,District,Widener Memorial School,False
6410,126515001-5122,126515001,5122,641,421899005122,Cook-Wissahickon School,District,SDP K12 Schools,Elementary-Middle,Catchment,4,"40.022472, -75.206802",2019,2026,8,126515001-5122,District,Cook-Wissahickon School,False
6440,126515001-3717,126515001,3717,644,421899003717,Anna L. Lingelbach School,District,SDP K12 Schools,Elementary-Middle,Catchment,8,"40.03708413, -75.18961364",2019,2026,8,126515001-3717,District,Anna L. Lingelbach School,False
6450,126515001-3726,126515001,3726,645,421899003726,James Dobson School,District,SDP K12 Schools,Elementary-Middle,Catchment,4,"40.03147536, -75.23067163",2019,2026,8,126515001-3726,District,James Dobson School,False
6460,126515001-7229,126515001,7229,646,421899003711,Hill-Freedman World Academy,District,SDP K12 Schools,Middle-High,Criteria-Based,9,"40.071311, -75.175303",2019,2026,8,126515001-7229,District,Hill-Freedman World Academy,False
6470,126515001-5294,126515001,5294,647,421899005294,John B. Kelly School,District,SDP K12 Schools,Elementary,Catchment,8,"40.02479143, -75.1711868",2019,2026,8,126515001-5294,District,John B. Kelly School,False
6480,126515001-7024,126515001,7024,648,421899007224,Academy for the Middle Years at Northwest,District,SDP K12 Schools,Middle,Criteria-Based,4,"40.03154543, -75.21317609",2019,2026,8,126515001-7024,District,Academy for the Middle Years at Northwest,False
6540,126515001-7811,126515001,7811,654,421899000824,Lankenau High School,District,SDP K12 Schools,High,Criteria-Based,4,"40.06153271, -75.25295594",2019,2026,8,126515001-7811,District,Lankenau High School,False
7010,126515001-3850,126515001,3850,701,421899003850,Frankford High School,District,SDP K12 Schools,High,Catchment,7,"40.021602, -75.084823",2019,2026,8,126515001-3850,District,Frankford High School,False
7060,126515001-8508,126515001,8508,,421899010029,Olney High School,District,SDP K12 Schools,High,Catchment,8,"40.028772, -75.123808",2023,2026,4,126515001-8508,District,Olney High School,True
7061,126515001-8508,126515001,8508,,,Olney High School Continuation Academy,Contracted,Alternate Schools,Transition/Overage School,Alternative,8,"40.02911994, -75.12375171",2024,2026,3,126515001-8508,Contracted,Olney HS Continuation Academy|Olney High School Continuation Academy,True
7100,126515001-7239,126515001,7239,710,421899003815,Jay Cooke School,District,SDP K12 Schools,Elementary-Middle,Catchment,8,"40.025526, -75.146074",2019,2026,8,126515001-7239,District,Jay Cooke School,False
7110,126515001-7242,126515001,7242,711,421899003820,Warren G. Harding Middle School,District,SDP K12 Schools,Middle,Catchment,7,"40.01291694, -75.07456081",2019,2026,8,126515001-7242,District,Warren G. Harding School|Warren G. Harding Middle School,False
7120,126515001-3816,126515001,3816,712,421899003816,Samuel Fels High School,District,SDP K12 Schools,High,Catchment,9,"40.03564646, -75.09109404",2019,2026,8,126515001-3816,District,Samuel Fels High School,False
7130,126515001-3835,126515001,3835,713,421899003835,General Louis Wagner School,District,SDP K12 Schools,Middle,Catchment,8,"40.05174748, -75.14767962",2019,2026,8,126515001-3835,District,General Louis Wagner School,False
7150,126515001-7963,126515001,7963,715,421899006123,Juniata Park Academy,District,SDP K12 Schools,Elementary-Middle,Catchment,7,"40.01284122, -75.11102921",2019,2026,8,126515001-7963,District,Juniata Park Academy,False
7200,126515001-3732,126515001,3732,720,421899003732,Clara Barton School,District,SDP K12 Schools,Elementary,Catchment,7,"40.0193401, -75.11950188",2019,2026,8,126515001-3732,District,Clara Barton School,False
7220,126515001-7230,126515001,7230,722,421899003734,Laura H. Carnell School,District,SDP K12 Schools,Elementary,Catchment,9,"40.038957, -75.084142",2019,2026,8,126515001-7230,District,Laura H. Carnell School,False
7260,126515001-3738,126515001,3738,726,421899003738,Ellwood School,District,SDP K12 Schools,Elementary,Catchment,9,"40.05472609, -75.13894107",2019,2026,8,126515001-3738,District,Ellwood School,False
7270,126515001-3739,126515001,3739,727,421899003739,Thomas K. Finletter School,District,SDP K12 Schools,Elementary-Middle,Catchment,9,"40.043608, -75.119176",2019,2026,8,126515001-3739,District,Thomas K. Finletter School,False
7280,126515001-7231,126515001,7231,728,421899010014,Benjamin Franklin Elementary School,District,SDP K12 Schools,Elementary-Middle,Catchment,9,"40.04215213, -75.10498859",2019,2026,8,126515001-7231,District,Benjamin Franklin School|Benjamin Franklin Elementary School,False
7290,126515001-4963,126515001,4963,729,421899004963,Allen M. Stearne School,District,SDP K12 Schools,Elementary-Middle,Catchment,7,"40.011752, -75.085112",2019,2026,8,126515001-4963,District,Allen M. Stearne School,False
7300,126515001-3742,126515001,3742,730,421899003742,Francis Hopkinson School,District,SDP K12 Schools,Elementary-Middle,Catchment,7,"40.00771059, -75.10274511",2019,2026,8,126515001-3742,District,Francis Hopkinson School,False
7310,126515001-3751,126515001,3751,731,421899003751,Feltonville Intermediate School,District,SDP K12 Schools,Elementary,Catchment,7,"40.02034002, -75.12102564",2019,2026,8,126515001-3751,District,Feltonville Intermediate School,False
7320,126515001-3743,126515001,3743,732,421899003743,Julia W. Howe School,District,SDP K12 Schools,Elementary,Catchment,9,"40.04113187, -75.14211131",2019,2026,8,126515001-3743,District,Julia W. Howe School,False
7330,126515001-3744,126515001,3744,733,421899003744,Henry W. Lawton School,District,SDP K12 Schools,Elementary,Catchment,6,"40.020648, -75.058976",2019,2026,8,126515001-3744,District,Henry W. Lawton School,False
7350,126515001-7232,126515001,7232,735,421899003746,James R. Lowell School,District,SDP K12 Schools,Elementary,Catchment,9,"40.04086578, -75.12871963",2019,2026,8,126515001-7232,District,James R. Lowell School,False
7360,126515001-3797,126515001,3797,736,421899003797,John Marshall School,District,SDP K12 Schools,Elementary,Catchment,7,"40.014546, -75.087158",2019,2026,8,126515001-3797,District,John Marshall School,False
7370,126515001-7663,126515001,7663,737,421899000549,"Grover Washington, Jr. Middle School",District,SDP K12 Schools,Middle,Catchment,9,"40.035479, -75.117969",2019,2026,8,126515001-7663,District,"Grover Washington, Jr. School|Grover Washington, Jr. Middle School",False
7380,126515001-6534,126515001,6534,738,421899006534,Alexander K. McClure School,District,SDP K12 Schools,Elementary,Catchment,7,"40.015178, -75.137574",2019,2026,8,126515001-6534,District,Alexander K. McClure School,False
7390,126515001-3749,126515001,3749,739,421899003749,Andrew J. Morrison School,District,SDP K12 Schools,Elementary-Middle,Catchment,8,"40.02843729, -75.12941126",2019,2026,8,126515001-3749,District,Andrew J. Morrison School,False
7400,126515001-3750,126515001,3750,740,421899003750,Olney Elementary School,District,SDP K12 Schools,Elementary-Middle,Catchment,9,"40.03058672, -75.12134354",2019,2026,8,126515001-3750,District,Olney School|Olney Elementary School,False
7430,126515001-3753,126515001,3753,743,421899003753,James J. Sullivan School,District,SDP K12 Schools,Elementary,Catchment,6,"40.01529786, -75.06706036",2019,2026,8,126515001-3753,District,James J. Sullivan School,False
7440,126515001-3755,126515001,3755,744,421899003755,Bayard Taylor School,District,SDP K12 Schools,Elementary,Catchment,7,"40.00753033, -75.13793972",2019,2026,8,126515001-3755,District,Bayard Taylor School,False
7460,126515001-7233,126515001,7233,746,421899003754,William H. Ziegler School,District,SDP K12 Schools,Elementary-Middle,Catchment,7,"40.03003725, -75.07570448",2019,2026,8,126515001-7233,District,William H. Ziegler School,False
7470,126515001-3745,126515001,3745,747,421899003745,Bridesburg School,District,SDP K12 Schools,Elementary-Middle,Catchment,6,"40.00030082, -75.06660471",2019,2026,8,126515001-3745,District,Bridesburg School,False
7490,126515001-6765,126515001,6765,749,421899006765,Prince Hall School,District,SDP K12 Schools,Elementary,Catchment,8,"40.04770742, -75.14956052",2019,2026,8,126515001-6765,District,Prince Hall School,False
7500,126515001-7368,126515001,7368,750,421899000054,Feltonville School of Arts and Sciences,District,SDP K12 Schools,Middle,Catchment,7,"40.019437, -75.121675",2019,2026,8,126515001-7368,District,Feltonville School of Arts and Sciences,False
7510,126515001-5183,126515001,5183,751,421899005183,Mary M. Bethune School,District,SDP K12 Schools,Elementary-Middle,Catchment,5,"40.00269526, -75.14872828",2019,2026,8,126515001-5183,District,Mary M. Bethune School,False
7530,126515001-3724,126515001,3724,753,421899003724,William Rowen School,District,SDP K12 Schools,Elementary,Catchment,9,"40.05930676, -75.1486472",2019,2026,8,126515001-3724,District,William Rowen School,False
7730,126515001-6767,126515001,6767,773,421899006767,Roberto Clemente Middle School,District,SDP K12 Schools,Middle,Catchment,7,"40.006819, -75.129736",2019,2026,8,126515001-6767,District,Roberto Clemente School|Roberto Clemente Middle School,False
8010,126515001-3845,126515001,3845,801,421899003845,Abraham Lincoln High School,District,SDP K12 Schools,High,Catchment,6,"40.04310838, -75.04479221",2019,2026,8,126515001-3845,District,Abraham Lincoln High School,False
8020,126515001-3855,126515001,3855,802,421899003855,Northeast High School,District,SDP K12 Schools,High,Catchment,10,"40.05564409, -75.07118355",2019,2026,8,126515001-3855,District,Northeast High School,False
8030,126515001-6527,126515001,6527,803,421899006527,George Washington High School,District,SDP K12 Schools,High,Catchment,10,"40.10598577, -75.02723013",2019,2026,8,126515001-6527,District,George Washington High School,False
8040,126515001-8039,126515001,8039,804,421899006904,Arts Academy at Benjamin Rush,District,SDP K12 Schools,High,Criteria-Based,10,"40.08253275, -74.9752061",2019,2026,8,126515001-8039,District,Arts Academy at Benjamin Rush|Arts Academy at Rush High School,False
8070,126515001-9999,126515001,9999,807,,OIC Career and Academic Development Institute,Contracted,Alternate Schools,Transition/Overage School,Alternative,1,"39.958322, -75.144801",2019,2026,2,126515001-9999,Contracted,OIC CADI|OIC Career and Academic Development Institute,True
8080,126515001-9999,126515001,9999,808,,Excel Academy North,Contracted,Alternate Schools,Transition/Overage School,Alternative,5,"39.978134, -75.177658",2019,2026,2,126515001-9999,Contracted,Excel Academy North,True
8090,126515001-7072,126515001,7072,809,421899000572,Swenson Arts and Technology High School,District,SDP K12 Schools,High,Citywide,10,"40.0921093, -75.01398863",2019,2026,8,126515001-7072,District,Swenson Arts and Technology High School,False
8100,126515001-9999,126515001,9999,810,,Gateway to College - Community College of Philadelphia,Contracted,Alternate Schools,Transition/Overage School,Alternative,5,"39.9629017, -75.16627046",2019,2026,2,126515001-9999,Contracted,Gateway to College - Community College of Philadelphia,True
8120,126515001-7253,126515001,7253,812,421899003836,Castor Gardens Middle School,District,SDP K12 Schools,Middle,Catchment,9,"40.052367, -75.069086",2019,2026,8,126515001-7253,District,Woodrow Wilson School|Castor Gardens Middle School|Castor Gardens School,False
8130,126515001-8493,126515001,8493,,421899007703,Northeast Community Propel Academy,District,SDP K12 Schools,Elementary-Middle,Catchment,6,"40.04577529, -75.04413273",2022,2026,5,126515001-8493,District,Northeast Community Propel Academy,False
8140,126515001-6768,126515001,6768,814,421899006768,Austin Meehan School,District,SDP K12 Schools,Middle,Neighborhood,6,"40.045607, -75.044206",2019,2022,4,126515001-6768,District,Austin Meehan School,False
8160,126515001-6824,126515001,6824,816,421899006824,Charles C.A. Baldi Middle School,District,SDP K12 Schools,Middle,Catchment,10,"40.09331609, -75.05217234",2019,2026,8,126515001-6824,District,Baldi School|Charles C.A. Baldi School|Charles C.A. Baldi Middle School,False
8190,126515001-9999,126515001,9999,819,,One Bright Ray - Fairhill,Contracted,Alternate Schools,Transition/Overage School,Alternative,7,"39.99376434, -75.13801882",2019,2026,2,126515001-9999,Contracted,One Bright Ray - Fairhill Campus|One Bright Ray - Fairhill,True
8200,126515001-3758,126515001,3758,820,421899003758,Ethan Allen School,District,SDP K12 Schools,Elementary-Middle,Catchment,6,"40.0294252, -75.06268841",2019,2026,8,126515001-3758,District,Ethan Allen School,False
8210,126515001-6529,126515001,6529,821,421899006529,Joseph H. Brown School,District,SDP K12 Schools,Elementary-Middle,Catchment,6,"40.04392183, -75.02460195",2019,2026,8,126515001-6529,District,Joseph H. Brown School,False
8230,126515001-3762,126515001,3762,823,421899003762,Kennedy C. Crossan School,District,SDP K12 Schools,Elementary,Catchment,10,"40.06144841, -75.08155085",2019,2026,8,126515001-3762,District,Kennedy C. Crossan School,False
8240,126515001-3763,126515001,3763,824,421899003763,Hamilton Disston School,District,SDP K12 Schools,Elementary-Middle,Catchment,6,"40.02836911, -75.04658904",2019,2026,8,126515001-3763,District,Hamilton Disston School,False
8250,126515001-3764,126515001,3764,825,421899003764,Edwin Forrest School,District,SDP K12 Schools,Elementary,Catchment,6,"40.03444, -75.035891",2019,2026,8,126515001-3764,District,Edwin Forrest School,False
8260,126515001-3765,126515001,3765,826,421899003765,Fox Chase School,District,SDP K12 Schools,Elementary,Catchment,10,"40.076307, -75.082129",2019,2026,8,126515001-3765,District,Fox Chase School,False
8270,126515001-3766,126515001,3766,827,421899003766,Thomas Holme School,District,SDP K12 Schools,Elementary-Middle,Catchment,6,"40.04649, -75.04517",2019,2026,8,126515001-3766,District,Thomas Holme School,False
8300,126515001-3769,126515001,3769,830,421899003769,Mayfair School,District,SDP K12 Schools,Elementary-Middle,Catchment,6,"40.03945436, -75.05339332",2019,2026,8,126515001-3769,District,Mayfair School,False
8310,126515001-3770,126515001,3770,831,421899003770,J. Hampton Moore School,District,SDP K12 Schools,Elementary,Catchment,9,"40.049135, -75.076912",2019,2026,8,126515001-3770,District,J. Hampton Moore School,False
8340,126515001-3773,126515001,3773,834,421899003773,Solomon Solis-Cohen School,District,SDP K12 Schools,Elementary,Catchment,6,"40.044644, -75.064725",2019,2026,8,126515001-3773,District,Solomon Solis-Cohen School,False
8350,126515001-7234,126515001,7234,835,421899003774,Gilbert Spruance School,District,SDP K12 Schools,Elementary-Middle,Catchment,7,"40.03756142, -75.07232936",2019,2026,8,126515001-7234,District,Gilbert Spruance School,False
8360,126515001-3771,126515001,3771,836,421899003771,Rhawnhurst School,District,SDP K12 Schools,Elementary,Catchment,10,"40.05869601, -75.05898166",2019,2026,8,126515001-3771,District,Rhawnhurst School,False
8370,126515001-3760,126515001,3760,837,421899003760,Watson Comly School,District,SDP K12 Schools,Elementary,Catchment,10,"40.12096486, -75.0091088",2019,2026,8,126515001-3760,District,Watson Comly School,False
8380,126515001-7235,126515001,7235,838,421899003779,Louis H. Farrell School,District,SDP K12 Schools,Elementary-Middle,Catchment,10,"40.06657162, -75.05241476",2019,2026,8,126515001-7235,District,Louis H. Farrell School,False
8390,126515001-3781,126515001,3781,839,421899003781,Aloysius L. Fitzpatrick School,District,SDP K12 Schools,Elementary-Middle,Catchment,10,"40.080306, -74.976529",2019,2026,8,126515001-3781,District,A.L. Fitzpatrick School|Aloysius L. Fitzpatrick School,False
8400,126515001-3803,126515001,3803,840,421899003803,Anne Frank School,District,SDP K12 Schools,Elementary,Catchment,10,"40.088288, -75.028222",2019,2026,8,126515001-3803,District,Anne Frank School,False
8410,126515001-3801,126515001,3801,841,421899003801,Robert B. Pollock School,District,SDP K12 Schools,Elementary-Middle,Catchment,6,"40.0457222, -75.0441466",2019,2026,8,126515001-3801,District,Robert B. Pollock School,False
8420,126515001-4727,126515001,4727,842,421899004727,Stephen Decatur School,District,SDP K12 Schools,Elementary-Middle,Catchment,10,"40.095818, -74.970535",2019,2026,8,126515001-4727,District,Stephen Decatur School,False
8430,126515001-4726,126515001,4726,843,421899004726,Joseph Greenberg School,District,SDP K12 Schools,Elementary-Middle,Catchment,10,"40.09608652, -75.05771102",2019,2026,8,126515001-4726,District,Joseph Greenberg School,False
8440,126515001-4961,126515001,4961,844,421899004961,William H. Loesche School,District,SDP K12 Schools,Elementary,Catchment,10,"40.11358364, -75.02386784",2019,2026,8,126515001-4961,District,William H. Loesche School,False
8450,126515001-9999,126515001,9999,845,,YESPhilly,Contracted,Alternate Schools,Transition/Overage School,Alternative,5,"39.9944643, -75.1541276",2019,2026,2,126515001-9999,Contracted,YES Philly|YESPhilly,True
8460,126515001-8386,126515001,8386,846,421899007588,Philadelphia Learning Academy West,District,Alternate Schools,Transition/Overage School,Alternative,3,"39.96971371, -75.21013521",2019,2026,8,126515001-8386,District,Philadelphia Learning Academy South|Philadelphia Learning Academy West,False
8470,126515001-8385,126515001,8385,847,421899007603,Philadelphia Learning Academy North,District,Alternate Schools,Transition/Overage School,Alternative,7,"40.01425525, -75.12599679",2019,2026,8,126515001-8385,District,Philadelphia Learning Academy North,False
8540,126515001-9999,126515001,9999,854,,Pennypack House School,District,Alternate Schools,Transition/Overage School,Alternative,6,"40.032021, -75.019689",2019,2026,2,126515001-9999,District,Pennypack House School,True
8560,126515001-8328,126515001,8328,856,421899007548,The Workshop High School,District,SDP K12 Schools,High,Citywide,3,"39.95530589, -75.21855329",2019,2026,8,126515001-8328,District,The Workshop School|The Workshop High School,False
8690,126515001-9999,126515001,9999,869,,Crossroads Accelerated Academy,District,Alternate Schools,Transition/Overage School,Alternative,3,"39.96971371, -75.21013521",2019,2026,2,126515001-9999,District,Crossroads Accelerated Academy,True
8770,126515001-5041,126515001,5041,877,421899005041,"Hancock, John Demonstration School",District,SDP K12 Schools,Elementary-Middle,Catchment,10,"40.06774728, -74.98842793",2019,2026,8,126515001-5041,District,"John Hancock Demonstration School|Hancock, John Demonstration School",False
8780,126515001-8298,126515001,8298,878,421899007506,Philadelphia Virtual Academy,District,Virtual,Elementary-Middle-High,Virtual,5,"39.96102159, -75.16264405",2019,2026,8,126515001-8298,District,Philadelphia Virtual Academy,False
8860,126515001-9999,126515001,9999,886,,One Bright Ray - Mansion,Contracted,Alternate Schools,Transition/Overage School,Alternative,5,"39.99074371, -75.18402464",2019,2026,2,126515001-9999,Contracted,One Bright Ray Mansion|One Bright Ray - Mansion,True
8870,126515001-9999,126515001,9999,887,,One Bright Ray - Mansion Evening,Contracted,Alternate Schools,Transition/Overage School,Alternative,5,"39.99074371, -75.18402464",2019,2026,2,126515001-9999,Contracted,One Bright Ray Mansion Evening|One Bright Ray - Mansion Evening,True
8890,126515001-9999,126515001,9999,889,,One Bright Ray - Simpson,Contracted,Alternate Schools,Transition/Overage School,Alternative,7,"40.00528, -75.10560096",2019,2026,2,126515001-9999,Contracted,One Bright Ray - Simpson Campus|One Bright Ray - Simpson,True
8891,126515001-9999,126515001,9999,,,One Bright Ray - Simpson Evening,Contracted,Alternate Schools,Transition/Overage School,Alternative,7,"40.00526093, -75.10560837",2026,2026,1,126515001-9999,Contracted,One Bright Ray - Simpson Evening,True
8900,126515001-9999,126515001,9999,890,,Re-Engagement Center,District,Alternate Schools,Transition/Overage School,Alternative,5,"39.96102159, -75.16264405",2019,2026,2,126515001-9999,District,Re-Engagement Center,True
